键值(key),翻译(msgstr)
IDS_PASA002,博格（旧）
IDS_PASA002_FULL,博格（2019-01-23 前）
IDS_PASA004,兰利（旧）
IDS_PASA004_FULL,兰利（2019-01-23 前）
IDS_PASA006,独立（旧）
IDS_PASA006_FULL,独立（2019-01-23 前）
IDS_PASA010,游骑兵（旧）
IDS_PASA010_FULL,游骑兵（2019-01-23 前）
IDS_PASA012,列克星敦（旧）
IDS_PASA012_FULL,列克星敦（2019-01-23 前）
IDS_PASA013,埃塞克斯（旧）
IDS_PASA013_FULL,埃塞克斯（2019-01-23 前）
IDS_PASA015,中途岛（旧）
IDS_PASA015_FULL,中途岛（2019-01-23 前）
IDS_PASA020,埃塞克斯
IDS_PASA020_FULL,埃塞克斯
IDS_PASA026,独立
IDS_PASA026_FULL,独立
IDS_PASA028,约克城
IDS_PASA028_FULL,约克城
IDS_PASA104,兰利
IDS_PASA104_FULL,兰利
IDS_PASA106,游骑兵
IDS_PASA106_FULL,游骑兵
IDS_PASA108,列克星敦
IDS_PASA108_FULL,列克星敦
IDS_PASA110,中途岛
IDS_PASA110_FULL,中途岛
IDS_PASA111,合众国
IDS_PASA111_FULL,合众国
IDS_PASA507,塞班（旧）
IDS_PASA507_FULL,塞班（2019-01-23 前）
IDS_PASA508,企业（旧）
IDS_PASA508_FULL,企业（2019-01-23 前）
IDS_PASA510,F·D·罗斯福
IDS_PASA510_FULL,富兰克林·D·罗斯福
IDS_PASA518,企业
IDS_PASA518_FULL,企业
IDS_PASA528,塞班
IDS_PASA528_FULL,塞班
IDS_PASA538,大黄蜂
IDS_PASA538_FULL,大黄蜂
IDS_PASA598,塞班 B
IDS_PASA598_FULL,塞班 B
IDS_PASA898,AL 大黄蜂
IDS_PASA898_FULL,AL 大黄蜂
IDS_PASA906,突击者
IDS_PASA908,康科德桥
IDS_PASA908_FULL,康科德桥
IDS_PASA910,埃塞克斯
IDS_PASA910_FULL,埃塞克斯
IDS_PASA915,[中途岛]
IDS_PASA915_FULL,[中途岛]
IDS_PASA920,饺子皮-皮纳塔之城
IDS_PASA920_FULL,饺子皮-皮纳塔之城
IDS_PASB001,南卡罗来纳
IDS_PASB001_FULL,南卡罗来纳
IDS_PASB004,怀俄明
IDS_PASB004_FULL,怀俄明
IDS_PASB006,纽约
IDS_PASB006_FULL,纽约
IDS_PASB008,科罗拉多
IDS_PASB008_FULL,科罗拉多
IDS_PASB012,北卡罗来纳
IDS_PASB012_FULL,北卡罗来纳
IDS_PASB013,阿肯色 B
IDS_PASB013_FULL,阿肯色 B
IDS_PASB017,蒙大拿
IDS_PASB017_FULL,蒙大拿
IDS_PASB018,衣阿华
IDS_PASB018_FULL,衣阿华
IDS_PASB034,新墨西哥
IDS_PASB034_FULL,新墨西哥
IDS_PASB108,堪萨斯
IDS_PASB108_FULL,堪萨斯
IDS_PASB109,明尼苏达
IDS_PASB109_FULL,明尼苏达
IDS_PASB110,佛蒙特
IDS_PASB110_FULL,佛蒙特
IDS_PASB111,缅因
IDS_PASB111_FULL,缅因
IDS_PASB208,内布拉斯加
IDS_PASB208_FULL,内布拉斯加
IDS_PASB209,特拉华
IDS_PASB209_FULL,特拉华
IDS_PASB210,路易斯安那
IDS_PASB210_FULL,路易斯安那
IDS_PASB505,俄克拉荷马
IDS_PASB505_FULL,俄克拉荷马
IDS_PASB506,亚利桑那
IDS_PASB506_FULL,亚利桑那
IDS_PASB507,西弗吉尼亚 1941
IDS_PASB507_FULL,西弗吉尼亚 1941
IDS_PASB508,阿拉巴马
IDS_PASB508_FULL,阿拉巴马
IDS_PASB509,密苏里
IDS_PASB509_FULL,密苏里
IDS_PASB510,俄亥俄
IDS_PASB510_FULL,俄亥俄
IDS_PASB517,佛罗里达
IDS_PASB517_FULL,佛罗里达
IDS_PASB518,马萨诸塞
IDS_PASB518_FULL,马萨诸塞
IDS_PASB519,基尔萨奇
IDS_PASB519_FULL,基尔萨奇
IDS_PASB527,西弗吉尼亚 1944
IDS_PASB527_FULL,西弗吉尼亚 1944
IDS_PASB528,亚拉巴马 VL
IDS_PASB528_FULL,亚拉巴马 VL
IDS_PASB538,星座
IDS_PASB538_FULL,星座
IDS_PASB539,伊利诺伊
IDS_PASB539_FULL,伊利诺伊
IDS_PASB598,马萨诸塞 B
IDS_PASB598_FULL,马萨诸塞 B
IDS_PASB599,基尔萨奇 B
IDS_PASB599_FULL,基尔萨奇 B
IDS_PASB705,德克萨斯
IDS_PASB705_FULL,德克萨斯
IDS_PASB707,加利福尼亚
IDS_PASB707_FULL,加利福尼亚
IDS_PASB708,亚拉巴马 ST
IDS_PASB708_FULL,阿拉巴马 ST
IDS_PASB710,俄勒冈
IDS_PASB710_FULL,俄勒冈
IDS_PASB718,田纳西
IDS_PASB718_FULL,田纳西
IDS_PASB719,印第安纳
IDS_PASB719_FULL,印第安纳
IDS_PASB720,罗德岛
IDS_PASB720_FULL,罗德岛
IDS_PASB729,佐治亚
IDS_PASB729_FULL,佐治亚
IDS_PASB730,威斯康星
IDS_PASB730_FULL,威斯康星
IDS_PASB801,南卡罗来纳
IDS_PASB802,密歇根
IDS_PASB808,北卡罗来纳 CLR
IDS_PASB808_FULL,北卡罗来纳 CLR
IDS_PASB810,蒙大拿 P
IDS_PASB810_FULL,蒙大拿 P
IDS_PASB818,阿拉巴马 B
IDS_PASB818_FULL,阿拉巴马 B
IDS_PASB820,BA 蒙大拿
IDS_PASB820_FULL,BA 蒙大拿
IDS_PASB889,AL 基尔萨奇
IDS_PASB889_FULL,AL 基尔萨奇
IDS_PASB891,缅因 +
IDS_PASB891_FULL,缅因 +
IDS_PASB899,志愿者之州
IDS_PASB899_FULL,志愿者之州
IDS_PASB908,凯珀
IDS_PASB908_FULL,凯珀
IDS_PASB909,鸟鸣
IDS_PASB909_FULL,鸟鸣
IDS_PASB910,康涅狄格
IDS_PASB910_FULL,康涅狄格
IDS_PASB917,[蒙大拿]
IDS_PASB917_FULL,[蒙大拿]
IDS_PASB918,AL 马萨诸塞
IDS_PASB918_FULL,AL 马萨诸塞
IDS_PASB919,衣阿华 2
IDS_PASB919_FULL,衣阿华 2
IDS_PASB920,蒙大拿 2
IDS_PASB920_FULL,蒙大拿 2
IDS_PASB930,罗德岛 B
IDS_PASB930_FULL,罗德岛 B
IDS_PASB940,威斯康星 G
IDS_PASB940_FULL,威斯康星 G
IDS_PASB990,犹他
IDS_PASB990_FULL,犹他
IDS_PASB997,科罗拉多 2
IDS_PASB997_FULL,科罗拉多 2
IDS_PASB998,北卡罗来纳 2
IDS_PASB998_FULL,北卡罗来纳 2
IDS_PASC001,伊利
IDS_PASC001_FULL,伊利
IDS_PASC002,切斯特
IDS_PASC002_FULL,切斯特
IDS_PASC003,奥尔巴尼
IDS_PASC003_FULL,奥尔巴尼
IDS_PASC004,圣路易斯
IDS_PASC004_FULL,圣路易斯
IDS_PASC005,奥马哈
IDS_PASC005_FULL,奥马哈
IDS_PASC006,亚特兰大
IDS_PASC006_FULL,亚特兰大
IDS_PASC007,克利夫兰（旧）
IDS_PASC007_FULL,克利夫兰（2018.05.31 前）
IDS_PASC011,杰克逊维尔
IDS_PASC011_FULL,杰克逊维尔
IDS_PASC012,彭萨科拉（旧）
IDS_PASC012_FULL,彭萨科拉（2018.05.31 前）
IDS_PASC014,新奥尔良（旧）
IDS_PASC014_FULL,新奥尔良（2018.05.31 前）
IDS_PASC016,伍斯特
IDS_PASC016_FULL,伍斯特
IDS_PASC017,巴尔的摩（旧）
IDS_PASC017_FULL,巴尔的摩（2018.05.31 前）
IDS_PASC019,水牛城
IDS_PASC019_FULL,水牛城
IDS_PASC020,得梅因
IDS_PASC020_FULL,得梅因
IDS_PASC024,凤凰城
IDS_PASC024_FULL,凤凰城
IDS_PASC039,彭萨克拉 1930
IDS_PASC039_FULL,彭萨克拉 1930
IDS_PASC044,马布尔黑德
IDS_PASC044_FULL,马布尔黑德
IDS_PASC045,马布尔黑德 L
IDS_PASC045_FULL,马布尔黑德 L
IDS_PASC106,彭萨科拉
IDS_PASC106_FULL,彭萨科拉
IDS_PASC107,新奥尔良
IDS_PASC107_FULL,新奥尔良
IDS_PASC108,巴尔的摩
IDS_PASC108_FULL,巴尔的摩
IDS_PASC109,水牛城
IDS_PASC109_FULL,水牛城
IDS_PASC111,安纳波利斯
IDS_PASC111_FULL,安纳波利斯
IDS_PASC206,达拉斯
IDS_PASC206_FULL,达拉斯
IDS_PASC207,海伦娜
IDS_PASC207_FULL,海伦娜
IDS_PASC208,克利夫兰
IDS_PASC208_FULL,克利夫兰
IDS_PASC209,西雅图
IDS_PASC209_FULL,西雅图
IDS_PASC210,伍斯特
IDS_PASC210_FULL,伍斯特
IDS_PASC503,查尔斯顿
IDS_PASC503_FULL,查尔斯顿
IDS_PASC505,受害骷髅
IDS_PASC505_FULL,受害骷髅
IDS_PASC507,印第安纳波利斯
IDS_PASC507_FULL,印第安纳波利斯
IDS_PASC508,威奇塔
IDS_PASC508_FULL,威奇塔
IDS_PASC509,瓦列霍
IDS_PASC509_FULL,瓦列霍
IDS_PASC510,阿拉斯加
IDS_PASC510_FULL,阿拉斯加
IDS_PASC518,安克雷奇
IDS_PASC518_FULL,安克雷奇
IDS_PASC519,塔尔萨
IDS_PASC519_FULL,塔尔萨
IDS_PASC528,国会
IDS_PASC528_FULL,国会
IDS_PASC538,罗切斯特
IDS_PASC538_FULL,罗切斯特
IDS_PASC548,圣地亚哥
IDS_PASC548_FULL,圣地亚哥
IDS_PASC587,亚特兰大 B
IDS_PASC587_FULL,亚特兰大 B
IDS_PASC597,博伊西
IDS_PASC597_FULL,博伊西
IDS_PASC599,阿拉斯加 B
IDS_PASC599_FULL,阿拉斯加 B
IDS_PASC610,波多黎各
IDS_PASC610_FULL,波多黎各
IDS_PASC707,弗林特
IDS_PASC707_FULL,弗林特
IDS_PASC708,布里奇波特
IDS_PASC708_FULL,布里奇波特
IDS_PASC710,塞勒姆
IDS_PASC710_FULL,塞勒姆
IDS_PASC718,AL 蒙彼利埃
IDS_PASC718_FULL,AL 蒙彼利埃
IDS_PASC719,剑桥
IDS_PASC719_FULL,剑桥
IDS_PASC720,夏威夷
IDS_PASC720_FULL,夏威夷
IDS_PASC728,保卫者
IDS_PASC728_FULL,保卫者
IDS_PASC729,沃斯堡
IDS_PASC729_FULL,沃斯堡
IDS_PASC802,锡马龙
IDS_PASC803,锡马龙
IDS_PASC804,伊利
IDS_PASC805,伊利
IDS_PASC810,奥斯汀
IDS_PASC810_FULL,奥斯汀
IDS_PASC891,杰克逊维尔 +
IDS_PASC891_FULL,杰克逊维尔 +
IDS_PASC909,沃斯堡 G
IDS_PASC909_FULL,沃斯堡 G
IDS_PASC910,波多黎各 B
IDS_PASC910_FULL,波多黎各 B
IDS_PASC920,夏威夷 G
IDS_PASC920_FULL,夏威夷 G
IDS_PASC998,[克利夫兰]
IDS_PASC998_FULL,[克利夫兰]
IDS_PASD002,桑普森
IDS_PASD002_FULL,桑普森
IDS_PASD005,法拉格特
IDS_PASD005_FULL,法拉格特
IDS_PASD006,马汉
IDS_PASD006_FULL,马汉
IDS_PASD008,本森
IDS_PASD008_FULL,本森
IDS_PASD013,基林
IDS_PASD013_FULL,基林
IDS_PASD014,尼古拉斯
IDS_PASD014_FULL,尼古拉斯
IDS_PASD019,克莱姆森
IDS_PASD019_FULL,克莱姆森
IDS_PASD021,弗莱彻
IDS_PASD021_FULL,弗莱彻
IDS_PASD027,维克斯
IDS_PASD027_FULL,维克斯
IDS_PASD029,西姆斯
IDS_PASD029_FULL,西姆斯
IDS_PASD037,休斯
IDS_PASD037_FULL,休斯
IDS_PASD038,奥斯本
IDS_PASD038_FULL,奥斯本
IDS_PASD039,克里斯托弗
IDS_PASD039_FULL,克里斯托弗
IDS_PASD040,伯罗斯
IDS_PASD040_FULL,伯罗斯
IDS_PASD111,J·汉弗莱斯
IDS_PASD111_FULL,约书亚·汉弗莱斯
IDS_PASD502,史密斯
IDS_PASD502_FULL,史密斯
IDS_PASD505,希尔
IDS_PASD505_FULL,希尔
IDS_PASD506,莫纳汉
IDS_PASD506_FULL,莫纳汉
IDS_PASD508,基德
IDS_PASD508_FULL,基德
IDS_PASD509,贝纳姆
IDS_PASD509_FULL,贝纳姆
IDS_PASD510,萨默斯
IDS_PASD510_FULL,萨默斯
IDS_PASD519,哈尔福德
IDS_PASD519_FULL,哈尔福德
IDS_PASD529,布莱克 B
IDS_PASD529_FULL,布莱克 B
IDS_PASD597,西姆斯 B
IDS_PASD597_FULL,西姆斯 B
IDS_PASD610,F·舍曼
IDS_PASD610_FULL,福里斯特·舍曼
IDS_PASD704,DD 214
IDS_PASD704_FULL,DD 214
IDS_PASD709,布莱克
IDS_PASD709_FULL,布莱克
IDS_PASD710,拉菲
IDS_PASD710_FULL,拉菲
IDS_PASD719,约翰斯顿
IDS_PASD719_FULL,约翰斯顿
IDS_PASD720,赫尔
IDS_PASD720_FULL,赫尔
IDS_PASD801,桑普森
IDS_PASD810,基林 P
IDS_PASD810_FULL,基林 P
IDS_PASD819,战斗约翰尼
IDS_PASD819_FULL,战斗约翰尼
IDS_PASD891,J·汉弗莱斯 +
IDS_PASD891_FULL,约书亚·汉弗莱斯 +
IDS_PASD899,弗兰克·弗莱德
IDS_PASD899_FULL,弗兰克·弗莱德
IDS_PASD913,[基林]
IDS_PASD913_FULL,[基林]
IDS_PASS106,抹香鲸（旧）
IDS_PASS106_FULL,抹香鲸（2022-10-04 前）
IDS_PASS108,鲑鱼（旧）
IDS_PASS108_FULL,鲑鱼（2022-10-04 前）
IDS_PASS110,巴劳鱵（旧）
IDS_PASS110_FULL,巴劳鱵（2022-10-04 前）
IDS_PASS206,抹香鲸
IDS_PASS206_FULL,抹香鲸
IDS_PASS208,鲑鱼
IDS_PASS208_FULL,鲑鱼
IDS_PASS210,巴劳鱵
IDS_PASS210_FULL,巴劳鱵
IDS_PASS510,猫鲨
IDS_PASS510_FULL,猫鲨
IDS_PASS710,射水鱼
IDS_PASS710_FULL,射水鱼
IDS_PASS910,巴劳鱵 2
IDS_PASS910_FULL,巴劳鱵 2
IDS_PASX001,锡马龙
IDS_PASX001_FULL,锡马龙
IDS_PASX003,自由轮
IDS_PASX004,阿特拉斯节点
IDS_PASX005,圣克莱尔
IDS_PASX005_FULL,圣克莱尔
IDS_PASX006,锡马龙
IDS_PASX799,独角鲸
IDS_PASX815,博格
IDS_PASX904,锡马龙测试
IDS_PBSA106,暴怒
IDS_PBSA106_FULL,暴怒
IDS_PBSA108,怨仇
IDS_PBSA108_FULL,怨仇
IDS_PBSA111,老鹰
IDS_PBSA111_FULL,老鹰
IDS_PBSA204,竞技神
IDS_PBSA204_FULL,竞技神
IDS_PBSA210,大胆
IDS_PBSA210_FULL,大胆
IDS_PBSA508,不挠
IDS_PBSA508_FULL,不挠
IDS_PBSA510,马耳他
IDS_PBSA510_FULL,马耳他
IDS_PBSA518,皇家方舟
IDS_PBSA518_FULL,皇家方舟
IDS_PBSA528,巨像
IDS_PBSA528_FULL,巨像
IDS_PBSA710,海洋
IDS_PBSA710_FULL,海洋
IDS_PBSA718,忒修斯
IDS_PBSA718_FULL,忒修斯
IDS_PBSA910,[大胆]
IDS_PBSA910_FULL,[大胆]
IDS_PBSB002,厌战
IDS_PBSB002_FULL,厌战
IDS_PBSB103,柏勒罗丰
IDS_PBSB103_FULL,柏勒罗丰
IDS_PBSB104,俄里翁
IDS_PBSB104_FULL,俄里翁
IDS_PBSB105,铁公爵
IDS_PBSB105_FULL,铁公爵
IDS_PBSB106,伊丽莎白女王
IDS_PBSB106_FULL,伊丽莎白女王
IDS_PBSB107,英王乔治五世
IDS_PBSB107_FULL,英王乔治五世
IDS_PBSB108,君主
IDS_PBSB108_FULL,君主
IDS_PBSB109,狮
IDS_PBSB109_FULL,狮
IDS_PBSB110,征服者
IDS_PBSB110_FULL,征服者
IDS_PBSB111,毁灭
IDS_PBSB111_FULL,毁灭
IDS_PBSB203,不倦
IDS_PBSB203_FULL,不倦
IDS_PBSB204,玛丽王后
IDS_PBSB204_FULL,玛丽王后
IDS_PBSB205,虎
IDS_PBSB205_FULL,虎
IDS_PBSB206,声望
IDS_PBSB206_FULL,声望
IDS_PBSB207,鲁克
IDS_PBSB207_FULL,鲁克
IDS_PBSB208,霍克
IDS_PBSB208_FULL,霍克
IDS_PBSB209,邓肯
IDS_PBSB209_FULL,邓肯
IDS_PBSB210,圣文森特
IDS_PBSB210_FULL,圣文森特
IDS_PBSB503,无畏
IDS_PBSB503_FULL,无畏
IDS_PBSB505,阿金库尔
IDS_PBSB505_FULL,阿金库尔
IDS_PBSB507,胡德
IDS_PBSB507_FULL,胡德
IDS_PBSB508,前卫
IDS_PBSB508_FULL,前卫
IDS_PBSB509,马尔博罗
IDS_PBSB509_FULL,马尔博罗
IDS_PBSB510,雷神
IDS_PBSB510_FULL,雷神
IDS_PBSB517,纳尔逊
IDS_PBSB517_FULL,纳尔逊
IDS_PBSB526,反击
IDS_PBSB526_FULL,反击
IDS_PBSB527,约克公爵
IDS_PBSB527_FULL,约克公爵
IDS_PBSB536,反击 B
IDS_PBSB536_FULL,反击 B
IDS_PBSB537,科林伍德
IDS_PBSB537_FULL,科林伍德
IDS_PBSB547,声望 1944
IDS_PBSB547_FULL,声望 1944
IDS_PBSB609,猩红雷霆
IDS_PBSB609_FULL,猩红雷霆
IDS_PBSB610,无比
IDS_PBSB610_FULL,无比
IDS_PBSB708,威尔士亲王
IDS_PBSB708_FULL,威尔士亲王
IDS_PBSB717,罗德尼
IDS_PBSB717_FULL,罗德尼
IDS_PBSB727,勃朗特公爵
IDS_PBSB727_FULL,勃朗特公爵
IDS_PBSB737,君权
IDS_PBSB737_FULL,君权
IDS_PBSB747,达努
IDS_PBSB747_FULL,达努
IDS_PBSB810,坎伯兰
IDS_PBSB810_FULL,坎伯兰
IDS_PBSB910,[征服者]
IDS_PBSB910_FULL,[征服者]
IDS_PBSB911,征服者
IDS_PBSB911_FULL,征服者
IDS_PBSB920,征服者 CLR
IDS_PBSB920_FULL,征服者 CLR
IDS_PBSB998,圣劳伦斯
IDS_PBSB998_FULL,圣劳伦斯
IDS_PBSC020,蒙茅斯
IDS_PBSC020_FULL,蒙茅斯
IDS_PBSC101,黑天鹅
IDS_PBSC101_FULL,黑天鹅
IDS_PBSC102,韦茅斯
IDS_PBSC102_FULL,韦茅斯
IDS_PBSC103,卡利登
IDS_PBSC103_FULL,卡利登
IDS_PBSC104,达娜厄
IDS_PBSC104_FULL,达娜厄
IDS_PBSC105,翡翠
IDS_PBSC105_FULL,翡翠
IDS_PBSC106,利安得
IDS_PBSC106_FULL,利安得
IDS_PBSC107,斐济
IDS_PBSC107_FULL,斐济
IDS_PBSC108,爱丁堡
IDS_PBSC108_FULL,爱丁堡
IDS_PBSC109,涅普顿
IDS_PBSC109_FULL,涅普顿
IDS_PBSC110,米诺陶
IDS_PBSC110_FULL,米诺陶
IDS_PBSC111,埃德加
IDS_PBSC111_FULL,埃德加
IDS_PBSC205,霍金斯
IDS_PBSC205_FULL,霍金斯
IDS_PBSC206,德文郡
IDS_PBSC206_FULL,德文郡
IDS_PBSC207,萨里
IDS_PBSC207_FULL,萨里
IDS_PBSC208,阿尔伯马尔
IDS_PBSC208_FULL,阿尔伯马尔
IDS_PBSC209,德雷克
IDS_PBSC209_FULL,德雷克
IDS_PBSC210,歌利亚
IDS_PBSC210_FULL,歌利亚
IDS_PBSC505,埃克塞特
IDS_PBSC505_FULL,埃克塞特
IDS_PBSC507,贝尔法斯特
IDS_PBSC507_FULL,贝尔法斯特
IDS_PBSC508,柴郡
IDS_PBSC508_FULL,柴郡
IDS_PBSC510,普利茅斯
IDS_PBSC510_FULL,普利茅斯
IDS_PBSC516,伦敦
IDS_PBSC516_FULL,伦敦
IDS_PBSC518,虎 1959
IDS_PBSC518_FULL,虎 1959
IDS_PBSC526,狄多
IDS_PBSC526_FULL,狄多
IDS_PBSC528,贝尔法斯特 1943
IDS_PBSC528_FULL,贝尔法斯特 1943
IDS_PBSC538,汉普郡
IDS_PBSC538_FULL,汉普郡
IDS_PBSC548,诺丁汉
IDS_PBSC548_FULL,诺丁汉
IDS_PBSC558,AL 柴郡
IDS_PBSC558_FULL,AL 柴郡
IDS_PBSC610,直布罗陀
IDS_PBSC610_FULL,直布罗陀
IDS_PBSC707,博因
IDS_PBSC707_FULL,博因
IDS_PBSC708,辛安
IDS_PBSC708_FULL,辛安
IDS_PBSC716,俄里翁 1944
IDS_PBSC716_FULL,俄里翁 1944
IDS_PBSC718,厄恩
IDS_PBSC718_FULL,厄恩
IDS_PBSC719,阿伯丁
IDS_PBSC719_FULL,阿伯丁
IDS_PBSC810,防卫
IDS_PBSC810_FULL,防卫
IDS_PBSC888,星之爱丁堡
IDS_PBSC888_FULL,星之爱丁堡
IDS_PBSC909,诅咒之牙
IDS_PBSC909_FULL,诅咒之牙
IDS_PBSC910,独眼巨人
IDS_PBSC910_FULL,独眼巨人
IDS_PBSC920,恐噬
IDS_PBSC920_FULL,恐噬
IDS_PBSD102,美狄亚
IDS_PBSD102_FULL,美狄亚
IDS_PBSD103,女武神
IDS_PBSD103_FULL,女武神
IDS_PBSD104,清醒
IDS_PBSD104_FULL,清醒
IDS_PBSD105,阿卡斯塔
IDS_PBSD105_FULL,阿卡斯塔
IDS_PBSD106,伊卡洛斯
IDS_PBSD106_FULL,伊卡洛斯
IDS_PBSD107,杰维斯
IDS_PBSD107_FULL,杰维斯
IDS_PBSD108,雷电
IDS_PBSD108_FULL,雷电
IDS_PBSD109,日德兰
IDS_PBSD109_FULL,日德兰
IDS_PBSD110,果敢
IDS_PBSD110_FULL,果敢
IDS_PBSD503,坎贝尔敦
IDS_PBSD503_FULL,坎贝尔敦
IDS_PBSD506,勇敢
IDS_PBSD506_FULL,勇敢
IDS_PBSD510,德鲁伊
IDS_PBSD510_FULL,德鲁伊
IDS_PBSD517,哥萨克人
IDS_PBSD517_FULL,哥萨克人
IDS_PBSD519,索姆河
IDS_PBSD519_FULL,索姆河
IDS_PBSD598,哥萨克人 B
IDS_PBSD598_FULL,哥萨克人 B
IDS_PBSD605,安东尼
IDS_PBSD605_FULL,安东尼
IDS_PBSD717,朱庇特 1942
IDS_PBSD717_FULL,朱庇特 1942
IDS_PBSD718,爱斯基摩人
IDS_PBSD718_FULL,爱斯基摩人
IDS_PBSD719,巴夫勒尔
IDS_PBSD719_FULL,巴夫勒尔
IDS_PBSS106,温蒂妮
IDS_PBSS106_FULL,温蒂妮
IDS_PBSS108,强健
IDS_PBSS108_FULL,强健
IDS_PBSS110,连枷
IDS_PBSS110_FULL,连枷
IDS_PBSS508,联盟
IDS_PBSS508_FULL,联盟
IDS_PBSS710,海豹
IDS_PBSS710_FULL,海豹
IDS_PBSS910,海豹人
IDS_PBSS910_FULL,海豹人
IDS_PFSA506,贝阿恩
IDS_PFSA506_FULL,贝阿恩
IDS_PFSB103,杜伦尼
IDS_PFSB103_FULL,杜伦尼
IDS_PFSB104,孤拔
IDS_PFSB104_FULL,孤拔
IDS_PFSB105,布列塔尼
IDS_PFSB105_FULL,布列塔尼
IDS_PFSB106,诺曼底
IDS_PFSB106_FULL,诺曼底
IDS_PFSB107,里昂
IDS_PFSB107_FULL,里昂
IDS_PFSB108,黎塞留
IDS_PFSB108_FULL,黎塞留
IDS_PFSB109,阿尔萨斯
IDS_PFSB109_FULL,阿尔萨斯
IDS_PFSB110,共和
IDS_PFSB110_FULL,共和
IDS_PFSB111,祖国
IDS_PFSB111_FULL,祖国
IDS_PFSB506,敦刻尔克
IDS_PFSB506_FULL,敦刻尔克
IDS_PFSB507,斯特拉斯堡
IDS_PFSB507_FULL,斯特拉斯堡
IDS_PFSB508,加斯科涅
IDS_PFSB508_FULL,加斯科涅
IDS_PFSB510,勃艮第
IDS_PFSB510_FULL,勃艮第
IDS_PFSB518,让·巴尔
IDS_PFSB518_FULL,让·巴尔
IDS_PFSB528,香槟
IDS_PFSB528_FULL,香槟
IDS_PFSB538,佛兰德
IDS_PFSB538_FULL,佛兰德
IDS_PFSB548,皮卡第
IDS_PFSB548_FULL,皮卡第
IDS_PFSB596,敦刻尔克 B
IDS_PFSB596_FULL,敦刻尔克 B
IDS_PFSB599,让·巴尔 B
IDS_PFSB599_FULL,让·巴尔 B
IDS_PFSB709,鲁西永
IDS_PFSB709_FULL,鲁西永
IDS_PFSB898,[黎塞留]
IDS_PFSB898_FULL,[黎塞留]
IDS_PFSB908,AL 黎塞留
IDS_PFSB908_FULL,AL 黎塞留
IDS_PFSB909,暗黑海盗
IDS_PFSB909_FULL,暗黑海盗
IDS_PFSC101,布甘维尔
IDS_PFSC101_FULL,布甘维尔
IDS_PFSC102,朱利安
IDS_PFSC102_FULL,朱利安·德拉格拉维埃
IDS_PFSC103,弗利昂
IDS_PFSC103_FULL,弗利昂
IDS_PFSC104,迪盖-特鲁安
IDS_PFSC104_FULL,迪盖-特鲁安
IDS_PFSC105,白劳易
IDS_PFSC105_FULL,白劳易
IDS_PFSC106,拉加利索尼埃
IDS_PFSC106_FULL,拉加利索尼埃
IDS_PFSC107,阿尔及利亚
IDS_PFSC107_FULL,阿尔及利亚
IDS_PFSC108,查理·马特
IDS_PFSC108_FULL,查理·马特
IDS_PFSC109,圣路易
IDS_PFSC109_FULL,圣路易
IDS_PFSC110,亨利四世
IDS_PFSC110_FULL,亨利四世
IDS_PFSC111,孔代
IDS_PFSC111_FULL,孔代
IDS_PFSC208,瑟堡
IDS_PFSC208_FULL,瑟堡
IDS_PFSC209,布雷斯特
IDS_PFSC209_FULL,布雷斯特
IDS_PFSC210,马赛
IDS_PFSC210_FULL,马赛
IDS_PFSC506,德格拉斯
IDS_PFSC506_FULL,德格拉斯
IDS_PFSC507,土伦
IDS_PFSC507_FULL,土伦
IDS_PFSC508,巴亚尔
IDS_PFSC508_FULL,巴亚尔
IDS_PFSC509,卡诺
IDS_PFSC509_FULL,卡诺
IDS_PFSC510,科尔贝尔
IDS_PFSC510_FULL,科尔贝尔
IDS_PFSC516,杜布雷
IDS_PFSC516_FULL,杜布雷
IDS_PFSC518,让·巴尔
IDS_PFSC518_FULL,让·巴尔
IDS_PFSC708,梅斯
IDS_PFSC708_FULL,梅斯
IDS_PFSC710,布伦努斯
IDS_PFSC710_FULL,布伦努斯
IDS_PFSC716,蒙卡尔姆
IDS_PFSC716_FULL,蒙卡尔姆
IDS_PFSC719,勒阿弗尔
IDS_PFSC719_FULL,勒阿弗尔
IDS_PFSC720,拉图什-特雷维尔
IDS_PFSC720_FULL,拉图什-特雷维尔
IDS_PFSC730,拉蒂格将军
IDS_PFSC730_FULL,拉蒂格将军
IDS_PFSC810,布伦努斯
IDS_PFSC810_FULL,布伦努斯
IDS_PFSC819,BA 乌塔那匹兹姆
IDS_PFSC819_FULL,BA 乌塔那匹兹姆之船
IDS_PFSC896,[拉·加利索尼埃]
IDS_PFSC896_FULL,[拉·加利索尼埃]
IDS_PFSD010,卡萨尔
IDS_PFSD010_FULL,卡萨尔
IDS_PFSD015,机敏
IDS_PFSD015_FULL,机敏
IDS_PFSD016,杜沙福
IDS_PFSD016_FULL,杜沙福
IDS_PFSD017,勇者
IDS_PFSD017_FULL,勇者
IDS_PFSD018,冒险家
IDS_PFSD018_FULL,冒险家
IDS_PFSD019,暴风雨
IDS_PFSD019_FULL,暴风雨
IDS_PFSD102,加博尔德海军少尉
IDS_PFSD102_FULL,加博尔德海军少尉
IDS_PFSD103,燧发枪兵
IDS_PFSD103_FULL,燧发枪兵
IDS_PFSD104,狂风
IDS_PFSD104_FULL,狂风
IDS_PFSD105,美洲豹
IDS_PFSD105_FULL,美洲豹
IDS_PFSD106,猎豹
IDS_PFSD106_FULL,猎豹
IDS_PFSD107,沃克兰
IDS_PFSD107_FULL,沃克兰
IDS_PFSD108,空想
IDS_PFSD108_FULL,空想
IDS_PFSD109,莫加多尔
IDS_PFSD109_FULL,莫加多尔
IDS_PFSD110,克莱贝尔
IDS_PFSD110_FULL,克莱贝尔
IDS_PFSD210,玛索
IDS_PFSD210_FULL,玛索
IDS_PFSD504,热风
IDS_PFSD504_FULL,热风
IDS_PFSD506,鹰
IDS_PFSD506_FULL,鹰
IDS_PFSD508,可怖
IDS_PFSD508_FULL,可怖
IDS_PFSD605,旋风
IDS_PFSD605_FULL,旋风
IDS_PFSD710,雷诺堡
IDS_PFSD710_FULL,雷诺堡
IDS_PFSD718,奥什
IDS_PFSD718_FULL,奥什
IDS_PFSD808,无礼
IDS_PFSD808_FULL,无礼
IDS_PFSD810,克莱贝尔 CLR
IDS_PFSD810_FULL,克莱贝尔 CLR
IDS_PFSD820,克莱贝尔 TE
IDS_PFSD820_FULL,克莱贝尔 TE
IDS_PFSD895,风
IDS_PFSD895_FULL,风
IDS_PFSS710,絮库夫
IDS_PFSS710_FULL,絮库夫
IDS_PGSA104,莱茵河
IDS_PGSA104_FULL,莱茵河
IDS_PGSA106,威悉河
IDS_PGSA106_FULL,威悉河
IDS_PGSA108,A·帕塞瓦尔
IDS_PGSA108_FULL,奥古斯特·冯·帕塞瓦尔
IDS_PGSA110,M·里希特霍芬
IDS_PGSA110_FULL,曼弗雷德·冯·里希特霍芬
IDS_PGSA506,E·勒文哈尔特
IDS_PGSA506_FULL,埃里希·勒文哈尔特
IDS_PGSA508,齐柏林伯爵（旧）
IDS_PGSA508_FULL,齐柏林伯爵（2019-01-23 前）
IDS_PGSA510,W·沃斯
IDS_PGSA510_FULL,沃纳·沃斯
IDS_PGSA518,齐柏林伯爵
IDS_PGSA518_FULL,齐柏林伯爵
IDS_PGSA598,齐柏林伯爵 B
IDS_PGSA598_FULL,齐柏林伯爵 B
IDS_PGSA610,M·殷麦曼
IDS_PGSA610_FULL,马克斯·殷麦曼
IDS_PGSA910,彩男爵-甜霍芬庄园
IDS_PGSA910_FULL,彩男爵-甜霍芬庄园
IDS_PGSA990,O·李林塔尔
IDS_PGSA990_FULL,奥托·李林塔尔
IDS_PGSB001,俾斯麦
IDS_PGSB001_FULL,俾斯麦
IDS_PGSB002,提尔皮茨
IDS_PGSB002_FULL,提尔皮茨
IDS_PGSB103,拿骚
IDS_PGSB103_FULL,拿骚
IDS_PGSB104,皇帝
IDS_PGSB104_FULL,皇帝
IDS_PGSB105,国王
IDS_PGSB105_FULL,国王
IDS_PGSB106,巴伐利亚
IDS_PGSB106_FULL,巴伐利亚
IDS_PGSB107,格奈森瑙
IDS_PGSB107_FULL,格奈森瑙
IDS_PGSB108,俾斯麦
IDS_PGSB108_FULL,俾斯麦
IDS_PGSB109,腓特烈大帝
IDS_PGSB109_FULL,腓特烈大帝
IDS_PGSB110,大选帝侯
IDS_PGSB110_FULL,大选帝侯
IDS_PGSB111,汉诺威
IDS_PGSB111_FULL,汉诺威
IDS_PGSB203,冯·德·坦恩
IDS_PGSB203_FULL,冯·德·坦恩
IDS_PGSB204,毛奇
IDS_PGSB204_FULL,毛奇
IDS_PGSB205,德夫林格
IDS_PGSB205_FULL,德夫林格
IDS_PGSB206,马肯森
IDS_PGSB206_FULL,马肯森
IDS_PGSB207,海因里希王子
IDS_PGSB207_FULL,海因里希王子
IDS_PGSB208,齐滕
IDS_PGSB208_FULL,齐滕
IDS_PGSB209,鲁普雷希特王子
IDS_PGSB209_FULL,鲁普雷希特王子
IDS_PGSB210,施里芬
IDS_PGSB210_FULL,施里芬
IDS_PGSB310,普鲁士
IDS_PGSB310_FULL,普鲁士
IDS_PGSB503,阿尔伯特国王
IDS_PGSB503_FULL,阿尔伯特国王
IDS_PGSB506,E·腓特烈王子
IDS_PGSB506_FULL,艾特尔·腓特烈王子
IDS_PGSB507,沙恩霍斯特
IDS_PGSB507_FULL,沙恩霍斯特
IDS_PGSB508,奥丁
IDS_PGSB508_FULL,奥丁
IDS_PGSB509,波美拉尼亚
IDS_PGSB509_FULL,波美拉尼亚
IDS_PGSB517,AL 海因里希王子
IDS_PGSB517_FULL,AL 海因里希王子
IDS_PGSB518,勃兰登堡
IDS_PGSB518_FULL,勃兰登堡
IDS_PGSB528,安哈尔特
IDS_PGSB528_FULL,安哈尔特
IDS_PGSB538,勃兰登堡 B
IDS_PGSB538_FULL,勃兰登堡 B
IDS_PGSB597,沙恩霍斯特 B
IDS_PGSB597_FULL,沙恩霍斯特 B
IDS_PGSB598,提尔皮茨 B
IDS_PGSB598_FULL,提尔皮茨 B
IDS_PGSB599,波美拉尼亚 B
IDS_PGSB599_FULL,波美拉尼亚 B
IDS_PGSB610,梅克伦堡
IDS_PGSB610_FULL,梅克伦堡
IDS_PGSB708,俾斯麦 1941
IDS_PGSB708_FULL,俾斯麦 1941
IDS_PGSB717,沙恩霍斯特 1943
IDS_PGSB717_FULL,沙恩霍斯特 1943
IDS_PGSB719,腓特烈·卡尔
IDS_PGSB719_FULL,腓特烈·卡尔
IDS_PGSB818,BA 提尔皮茨
IDS_PGSB818_FULL,BA 提尔皮茨
IDS_PGSB828,奥丁 TE
IDS_PGSB828_FULL,奥丁 TE
IDS_PGSB898,AL 俾斯麦
IDS_PGSB898_FULL,AL 俾斯麦
IDS_PGSB908,狂人
IDS_PGSB908_FULL,狂人
IDS_PGSB910,[大选帝侯]
IDS_PGSB910_FULL,[大选帝侯]
IDS_PGSB918,海啸
IDS_PGSB918_FULL,海啸
IDS_PGSB920,施里芬
IDS_PGSB920_FULL,施里芬
IDS_PGSB928,铁血宰相
IDS_PGSB928_FULL,铁血宰相
IDS_PGSB930,泥头车-冯·糖霍夫
IDS_PGSB930_FULL,泥头车-冯·糖霍夫
IDS_PGSB989,西吉斯蒙德王子
IDS_PGSB989_FULL,西吉斯蒙德王子
IDS_PGSB999,汉诺威（旧）
IDS_PGSB999_FULL,汉诺威（2021-09-22 前）
IDS_PGSC001,鼬
IDS_PGSC001_FULL,鼬
IDS_PGSC002,德累斯顿
IDS_PGSC002_FULL,德累斯顿
IDS_PGSC010,阿达尔贝特王子
IDS_PGSC010_FULL,阿达尔贝特王子
IDS_PGSC016,德意志
IDS_PGSC016_FULL,德意志
IDS_PGSC017,舍尔
IDS_PGSC017_FULL,舍尔将军
IDS_PGSC018,克尼塞伯克
IDS_PGSC018_FULL,克尼塞伯克
IDS_PGSC019,曼陀菲尔
IDS_PGSC019_FULL,曼陀菲尔
IDS_PGSC103,科尔贝格
IDS_PGSC103_FULL,科尔贝格
IDS_PGSC104,卡尔斯鲁厄
IDS_PGSC104_FULL,卡尔斯鲁厄
IDS_PGSC105,柯尼斯堡
IDS_PGSC105_FULL,柯尼斯堡
IDS_PGSC106,纽伦堡
IDS_PGSC106_FULL,纽伦堡
IDS_PGSC107,约克
IDS_PGSC107_FULL,约克
IDS_PGSC108,希佩尔
IDS_PGSC108_FULL,希佩尔将军
IDS_PGSC109,罗恩
IDS_PGSC109_FULL,罗恩
IDS_PGSC110,兴登堡
IDS_PGSC110_FULL,兴登堡
IDS_PGSC111,克劳塞维茨
IDS_PGSC111_FULL,克劳塞维茨
IDS_PGSC502,埃姆登
IDS_PGSC502_FULL,埃姆登
IDS_PGSC506,施佩伯爵
IDS_PGSC506_FULL,施佩伯爵将军
IDS_PGSC507,慕尼黑
IDS_PGSC507_FULL,慕尼黑
IDS_PGSC508,欧根亲王
IDS_PGSC508_FULL,欧根亲王
IDS_PGSC509,齐格弗里德
IDS_PGSC509_FULL,齐格弗里德
IDS_PGSC516,莱比锡
IDS_PGSC516_FULL,莱比锡
IDS_PGSC517,魏玛
IDS_PGSC517_FULL,魏玛
IDS_PGSC518,美因茨
IDS_PGSC518_FULL,美因茨
IDS_PGSC519,埃吉尔
IDS_PGSC519_FULL,埃吉尔
IDS_PGSC528,席尔
IDS_PGSC528_FULL,席尔
IDS_PGSC529,施罗德
IDS_PGSC529_FULL,施罗德将军
IDS_PGSC598,美因茨 B
IDS_PGSC598_FULL,美因茨 B
IDS_PGSC706,HSF 施佩伯爵
IDS_PGSC706_FULL,HSF 施佩伯爵将军
IDS_PGSC710,希尔德布兰德
IDS_PGSC710_FULL,希尔德布兰德
IDS_PGSC717,纽伦堡 1944
IDS_PGSC717_FULL,纽伦堡 1944
IDS_PGSC718,多恩十字
IDS_PGSC718_FULL,多恩十字
IDS_PGSC720,不来梅
IDS_PGSC720_FULL,不来梅
IDS_PGSC728,威斯巴登
IDS_PGSC728_FULL,威斯巴登
IDS_PGSC729,布吕歇尔
IDS_PGSC729_FULL,布吕歇尔
IDS_PGSC809,罗恩 CLR
IDS_PGSC809_FULL,罗恩 CLR
IDS_PGSC817,慕尼黑 B
IDS_PGSC817_FULL,慕尼黑 B
IDS_PGSC890,AL 兴登堡
IDS_PGSC890_FULL,AL 兴登堡
IDS_PGSC891,克劳塞维茨 +
IDS_PGSC891_FULL,克劳塞维茨 +
IDS_PGSC899,AL 埃吉尔
IDS_PGSC899_FULL,AL 埃吉尔
IDS_PGSC908,席尔 B
IDS_PGSC908_FULL,席尔 B
IDS_PGSC910,[兴登堡]
IDS_PGSC910_FULL,[兴登堡]
IDS_PGSC920,不来梅 G
IDS_PGSC920_FULL,不来梅 G
IDS_PGSC996,莱茵哈特
IDS_PGSC996_FULL,莱茵哈特将军
IDS_PGSD102,V-25
IDS_PGSD102_FULL,V-25
IDS_PGSD103,G-101
IDS_PGSD103_FULL,G-101
IDS_PGSD104,V-170
IDS_PGSD104_FULL,V-170
IDS_PGSD105,T-22
IDS_PGSD105_FULL,T-22
IDS_PGSD106,盖德
IDS_PGSD106_FULL,恩斯特·盖德
IDS_PGSD107,马斯
IDS_PGSD107_FULL,莱伯勒希特·马斯
IDS_PGSD108,Z-23
IDS_PGSD108_FULL,Z-23
IDS_PGSD109,Z-46
IDS_PGSD109_FULL,Z-46
IDS_PGSD110,Z-52
IDS_PGSD110_FULL,Z-52
IDS_PGSD111,Z-57
IDS_PGSD111_FULL,Z-57
IDS_PGSD207,Z-31
IDS_PGSD207_FULL,Z-31
IDS_PGSD208,G·J·梅尔克
IDS_PGSD208_FULL,古斯塔夫·尤里乌斯·梅尔克
IDS_PGSD209,F·舒尔茨
IDS_PGSD209_FULL,费利克斯·舒尔茨
IDS_PGSD210,埃尔宾
IDS_PGSD210_FULL,埃尔宾
IDS_PGSD506,T-61
IDS_PGSD506_FULL,T-61
IDS_PGSD508,Z-39
IDS_PGSD508_FULL,Z-39
IDS_PGSD516,K·勋伯格
IDS_PGSD516_FULL,卡尔·冯·勋伯格
IDS_PGSD518,Z-35
IDS_PGSD518_FULL,Z-35
IDS_PGSD519,Z-44
IDS_PGSD519_FULL,Z-44
IDS_PGSD529,ZF-6
IDS_PGSD529_FULL,ZF-6
IDS_PGSD610,Z-42
IDS_PGSD610_FULL,Z-42
IDS_PGSD707,Z-32
IDS_PGSD707_FULL,Z-32
IDS_PGSD709,ZF-6 G
IDS_PGSD709_FULL,ZF-6 G
IDS_PGSD710,G·霍夫曼
IDS_PGSD710_FULL,格奥尔格·霍夫曼
IDS_PGSD717,Z-33
IDS_PGSD717_FULL,Z-33
IDS_PGSD719,ZH-1
IDS_PGSD719_FULL,ZH-1
IDS_PGSD720,G·霍夫曼 G
IDS_PGSD720_FULL,格奥尔格·霍夫曼 G
IDS_PGSD727,Z-34
IDS_PGSD727_FULL,Z-34
IDS_PGSD737,Z-38
IDS_PGSD737_FULL,Z-38
IDS_PGSD910,东方
IDS_PGSD910_FULL,东方
IDS_PGSD990,吕贝克
IDS_PGSD990_FULL,吕贝克
IDS_PGSS106,U-69（旧）
IDS_PGSS106_FULL,U-69（2022-10-04 前）
IDS_PGSS108,U-190（旧）
IDS_PGSS108_FULL,U-190（2022-10-04 前）
IDS_PGSS110,U-2501（旧）
IDS_PGSS110_FULL,U-2501（2022-10-04 前）
IDS_PGSS206,U-69
IDS_PGSS206_FULL,U-69
IDS_PGSS208,U-190
IDS_PGSS208_FULL,U-190
IDS_PGSS210,U-2501
IDS_PGSS210_FULL,U-2501
IDS_PGSS510,U-4501
IDS_PGSS510_FULL,U-4501
IDS_PGSX799,U-96
IDS_PHSB710,威廉一世
IDS_PHSB710_FULL,威廉一世
IDS_PHSC010,乌得勒支
IDS_PHSC010_FULL,乌得勒支
IDS_PHSC018,贾斯维尔德
IDS_PHSC018_FULL,贾斯维尔德
IDS_PHSC019,M·范库霍恩
IDS_PHSC019_FULL,门诺·范库霍恩
IDS_PHSC101,范·金斯伯根
IDS_PHSC101_FULL,范·金斯伯根
IDS_PHSC102,海尔德兰
IDS_PHSC102_FULL,海尔德兰
IDS_PHSC103,爪哇
IDS_PHSC103_FULL,爪哇
IDS_PHSC104,德·鲁伊特
IDS_PHSC104_FULL,德·鲁伊特
IDS_PHSC105,西里伯斯
IDS_PHSC105_FULL,西里伯斯
IDS_PHSC106,凯敦
IDS_PHSC106_FULL,凯敦
IDS_PHSC107,团结
IDS_PHSC107_FULL,团结
IDS_PHSC108,哈勒姆
IDS_PHSC108_FULL,哈勒姆
IDS_PHSC109,约翰·德·维特
IDS_PHSC109_FULL,约翰·德·维特
IDS_PHSC110,金狮
IDS_PHSC110_FULL,金狮
IDS_PHSC508,七省
IDS_PHSC508_FULL,七省
IDS_PHSC509,范斯佩克
IDS_PHSC509_FULL,范斯佩克
IDS_PHSC708,自由
IDS_PHSC708_FULL,自由
IDS_PHSC710,奥兰治亲王
IDS_PHSC710_FULL,奥兰治亲王
IDS_PHSC720,奥兰治亲王 G
IDS_PHSC720_FULL,奥兰治亲王 G
IDS_PHSC730,同盟
IDS_PHSC730_FULL,同盟
IDS_PHSC988,海军统帅
IDS_PHSC988_FULL,海军统帅
IDS_PHSC990,自由
IDS_PHSC990_FULL,自由
IDS_PHSC998,议会领地
IDS_PHSC998_FULL,议会领地
IDS_PHSD509,格罗宁根
IDS_PHSD509_FULL,格罗宁根
IDS_PHSD610,特龙普
IDS_PHSD610_FULL,特龙普
IDS_PHSD708,菲利普·范·阿尔蒙德
IDS_PHSD708_FULL,菲利普·范·阿尔蒙德
IDS_PHSS710,金枪鱼
IDS_PHSS710_FULL,金枪鱼
IDS_PISA508,天鹰
IDS_PISA508_FULL,天鹰
IDS_PISB011,沉舰者
IDS_PISB011_FULL,沉舰者
IDS_PISB104,D·阿利吉耶里
IDS_PISB104_FULL,但丁·阿利吉耶里
IDS_PISB105,加富尔伯爵
IDS_PISB105_FULL,加富尔伯爵
IDS_PISB106,安德烈亚·多里亚
IDS_PISB106_FULL,安德烈亚·多里亚
IDS_PISB107,F·卡拉乔洛
IDS_PISB107_FULL,弗朗切斯科·卡拉乔洛
IDS_PISB108,V·维内托
IDS_PISB108_FULL,维托里奥·维内托
IDS_PISB109,勒班陀
IDS_PISB109_FULL,勒班陀
IDS_PISB110,C·哥伦布
IDS_PISB110_FULL,克里斯托弗·哥伦布
IDS_PISB505,朱利奥·凯撒
IDS_PISB505_FULL,朱利奥·凯撒
IDS_PISB508,罗马
IDS_PISB508_FULL,罗马
IDS_PISB509,马可·波罗
IDS_PISB509_FULL,马可·波罗
IDS_PISB510,R·劳里亚
IDS_PISB510_FULL,鲁杰罗·迪·劳里亚
IDS_PISB519,朱塞佩·威尔第
IDS_PISB519_FULL,朱塞佩·威尔第
IDS_PISB708,AL 利托里奥
IDS_PISB708_FULL,AL 利托里奥
IDS_PISB709,首席百夫长
IDS_PISB709_FULL,首席百夫长
IDS_PISB710,西西里
IDS_PISB710_FULL,西西里
IDS_PISB718,M·科隆纳
IDS_PISB718_FULL,马坎托尼奥·科隆纳
IDS_PISB719,次席百夫长
IDS_PISB719_FULL,次席百夫长
IDS_PISB720,绿伯爵
IDS_PISB720_FULL,绿伯爵
IDS_PISB805,尤尼乌斯·布鲁图斯
IDS_PISB805_FULL,尤尼乌斯·布鲁图斯
IDS_PISB810,黑色风暴
IDS_PISB810_FULL,黑色风暴
IDS_PISB818,BA 比纳
IDS_PISB818_FULL,BA 比纳
IDS_PISB908,永恒罗马
IDS_PISB908_FULL,永恒罗马
IDS_PISB909,AL 马可·波罗
IDS_PISB909_FULL,AL 马可·波罗
IDS_PISB990,A·韦斯普奇
IDS_PISB990_FULL,亚美利哥·韦斯普奇
IDS_PISC101,厄立特里亚
IDS_PISC101_FULL,厄立特里亚
IDS_PISC102,尼诺·比克肖
IDS_PISC102_FULL,尼诺·比克肖
IDS_PISC103,塔兰托
IDS_PISC103_FULL,塔兰托
IDS_PISC104,朱萨诺
IDS_PISC104_FULL,阿尔贝托·迪·朱萨诺
IDS_PISC105,蒙泰库科利
IDS_PISC105_FULL,莱蒙多‧蒙泰库科利
IDS_PISC106,特伦托
IDS_PISC106_FULL,特伦托
IDS_PISC107,扎拉
IDS_PISC107_FULL,扎拉
IDS_PISC108,阿马尔菲
IDS_PISC108_FULL,阿马尔菲
IDS_PISC109,布林迪西
IDS_PISC109_FULL,布林迪西
IDS_PISC110,威尼斯
IDS_PISC110_FULL,威尼斯
IDS_PISC111,皮埃蒙特
IDS_PISC111_FULL,皮埃蒙特
IDS_PISC505,热那亚
IDS_PISC505_FULL,热那亚
IDS_PISC506,奥斯塔公爵
IDS_PISC506_FULL,奥斯塔公爵
IDS_PISC507,阿布鲁齐
IDS_PISC507_FULL,阿布鲁齐公爵
IDS_PISC510,那不勒斯
IDS_PISC510_FULL,那不勒斯
IDS_PISC517,F·费鲁乔
IDS_PISC517_FULL,弗朗切斯科·费鲁乔
IDS_PISC519,米开朗基罗
IDS_PISC519_FULL,米开朗基罗
IDS_PISC590,那不勒斯 B
IDS_PISC590_FULL,那不勒斯 B
IDS_PISC607,戈里齐亚
IDS_PISC607_FULL,戈里齐亚
IDS_PISC707,百夫长副手
IDS_PISC707_FULL,百夫长副手
IDS_PISC710,瓦雷泽
IDS_PISC710_FULL,瓦雷泽
IDS_PISC717,阜姆
IDS_PISC717_FULL,阜姆
IDS_PISC719,费兰特·贡扎加
IDS_PISC719_FULL,费兰特·贡扎加
IDS_PISC729,墨西拿
IDS_PISC729_FULL,墨西拿
IDS_PISC739,拉斯佩齐亚
IDS_PISC739_FULL,拉斯佩齐亚
IDS_PISC897,AL 戈里齐亚
IDS_PISC897_FULL,AL 戈里齐亚
IDS_PISC908,幻影
IDS_PISC908_FULL,幻影
IDS_PISC990,拉韦纳
IDS_PISC990_FULL,拉韦纳
IDS_PISD102,库尔塔托内
IDS_PISD102_FULL,库尔塔托内
IDS_PISD103,N·萨乌罗
IDS_PISD103_FULL,纳扎里奥·萨乌罗
IDS_PISD104,旋风
IDS_PISD104_FULL,旋风
IDS_PISD105,西北风
IDS_PISD105_FULL,西北风
IDS_PISD106,航空兵
IDS_PISD106_FULL,航空兵
IDS_PISD107,L·塔里戈
IDS_PISD107_FULL,卢卡·塔里戈
IDS_PISD108,V·库尼贝尔蒂
IDS_PISD108_FULL,维托里奥·库尼贝尔蒂
IDS_PISD109,亚得里亚海
IDS_PISD109_FULL,亚得里亚海
IDS_PISD110,A·莱戈洛
IDS_PISD110_FULL,阿蒂利奥·莱戈洛
IDS_PISD506,狮子
IDS_PISD506_FULL,狮子
IDS_PISD507,FR25
IDS_PISD507_FULL,FR25
IDS_PISD509,保罗·埃米利奥
IDS_PISD509_FULL,保罗·埃米利奥
IDS_PISD710,A·达·巴尔比亚诺
IDS_PISD710_FULL,阿尔贝里科·达·巴尔比亚诺
IDS_PISS106,海豹
IDS_PISS106_FULL,海豹
IDS_PISS108,彼得罗·米卡
IDS_PISS108_FULL,彼得罗·米卡
IDS_PISS110,彼得罗·卡尔维
IDS_PISS110_FULL,彼得罗·卡尔维
IDS_PJSA002,凤翔（旧）
IDS_PJSA002_FULL,凤翔（2019-01-23 前）
IDS_PJSA006,瑞凤（旧）
IDS_PJSA006_FULL,瑞凤（2019-01-23 前）
IDS_PJSA009,龙骧（旧）
IDS_PJSA009_FULL,龙骧（2019-01-23 前）
IDS_PJSA011,飞龙（旧）
IDS_PJSA011_FULL,飞龙（2019-01-23 前）
IDS_PJSA012,翔鹤（旧）
IDS_PJSA012_FULL,翔鹤（2019-01-23 前）
IDS_PJSA015,大凤（旧）
IDS_PJSA015_FULL,大凤（2019-01-23 前）
IDS_PJSA017,白龙（旧）
IDS_PJSA017_FULL,白龙（2019-01-23 前）
IDS_PJSA104,凤翔
IDS_PJSA104_FULL,凤翔
IDS_PJSA106,龙骧
IDS_PJSA106_FULL,龙骧
IDS_PJSA108,翔鹤
IDS_PJSA108_FULL,翔鹤
IDS_PJSA110,白龙
IDS_PJSA110_FULL,白龙
IDS_PJSA111,赤龙
IDS_PJSA111_FULL,赤龙
IDS_PJSA507,加贺（旧）
IDS_PJSA507_FULL,加贺（2019-01-23 前）
IDS_PJSA518,加贺
IDS_PJSA518_FULL,加贺
IDS_PJSA598,加贺 B
IDS_PJSA598_FULL,加贺 B
IDS_PJSA710,信浓
IDS_PJSA710_FULL,信浓
IDS_PJSA908,毅鹤
IDS_PJSA908_FULL,毅鹤
IDS_PJSA910,大凤
IDS_PJSA910_FULL,大凤
IDS_PJSA917,[白龙]
IDS_PJSA917_FULL,[白龙]
IDS_PJSA920,AL 信浓
IDS_PJSA920_FULL,AL 信浓
IDS_PJSB001,河内
IDS_PJSB001_FULL,河内
IDS_PJSB003,妙义
IDS_PJSB003_FULL,妙义
IDS_PJSB006,扶桑
IDS_PJSB006_FULL,扶桑
IDS_PJSB007,金刚
IDS_PJSB007_FULL,金刚
IDS_PJSB008,石锤
IDS_PJSB008_FULL,石锤
IDS_PJSB010,长门
IDS_PJSB010_FULL,长门
IDS_PJSB011,三笠
IDS_PJSB011_FULL,三笠
IDS_PJSB013,天城
IDS_PJSB013_FULL,天城
IDS_PJSB018,大和
IDS_PJSB018_FULL,大和
IDS_PJSB021,出云
IDS_PJSB021_FULL,出云
IDS_PJSB111,萨摩
IDS_PJSB111_FULL,萨摩
IDS_PJSB208,弓张
IDS_PJSB208_FULL,弓张
IDS_PJSB209,安达太良
IDS_PJSB209_FULL,安达太良
IDS_PJSB210,丰后
IDS_PJSB210_FULL,丰后
IDS_PJSB506,陆奥
IDS_PJSB506_FULL,陆奥
IDS_PJSB507,爱鹰
IDS_PJSB507_FULL,爱鹰
IDS_PJSB508,纪伊
IDS_PJSB508_FULL,纪伊
IDS_PJSB509,武藏
IDS_PJSB509_FULL,武藏
IDS_PJSB510,敷岛
IDS_PJSB510_FULL,敷岛
IDS_PJSB517,日向
IDS_PJSB517_FULL,日向
IDS_PJSB519,肥前
IDS_PJSB519_FULL,肥前
IDS_PJSB526,伊势
IDS_PJSB526_FULL,伊势
IDS_PJSB529,石见
IDS_PJSB529_FULL,石见
IDS_PJSB539,大山
IDS_PJSB539_FULL,大山
IDS_PJSB549,剑
IDS_PJSB549_FULL,剑
IDS_PJSB559,石见 B
IDS_PJSB559_FULL,石见 B
IDS_PJSB700,ARP 大和
IDS_PJSB700_FULL,ARP 大和
IDS_PJSB705,ARP 金刚
IDS_PJSB705_FULL,ARP 金刚
IDS_PJSB706,ARP 雾岛
IDS_PJSB706_FULL,ARP 雾岛
IDS_PJSB707,ARP 榛名
IDS_PJSB707_FULL,ARP 榛名
IDS_PJSB708,ARP 比睿
IDS_PJSB708_FULL,ARP 比睿
IDS_PJSB710,大和·魁
IDS_PJSB710_FULL,大和·魁
IDS_PJSB715,HSF 比睿
IDS_PJSB715_FULL,HSF 比睿
IDS_PJSB719,武尊
IDS_PJSB719_FULL,武尊
IDS_PJSB720,安艺
IDS_PJSB720_FULL,安艺
IDS_PJSB730,远笠
IDS_PJSB730_FULL,远笠
IDS_PJSB799,ARP 雾岛
IDS_PJSB799_FULL,ARP 雾岛
IDS_PJSB801,河内
IDS_PJSB802,河内
IDS_PJSB878,炼狱烈焰
IDS_PJSB878_FULL,炼狱烈焰
IDS_PJSB888,诸神黄昏
IDS_PJSB888_FULL,诸神黄昏
IDS_PJSB891,萨摩 +
IDS_PJSB891_FULL,萨摩 +
IDS_PJSB906,伊势 2
IDS_PJSB906_FULL,伊势 2
IDS_PJSB916,伊势 3
IDS_PJSB916_FULL,伊势 3
IDS_PJSB918,[大和]
IDS_PJSB918_FULL,[大和]
IDS_PJSB920,安艺 G
IDS_PJSB920_FULL,安艺 G
IDS_PJSB999,萨摩（旧）
IDS_PJSB999_FULL,萨摩（2021-09-22 前）
IDS_PJSC004,夕张
IDS_PJSC004_FULL,夕张
IDS_PJSC005,古鹰
IDS_PJSC005_FULL,古鹰
IDS_PJSC006,古鹰
IDS_PJSC006_FULL,古鹰
IDS_PJSC007,青叶
IDS_PJSC007_FULL,青叶
IDS_PJSC008,妙高
IDS_PJSC008_FULL,妙高
IDS_PJSC009,最上
IDS_PJSC009_FULL,最上
IDS_PJSC012,伊吹
IDS_PJSC012_FULL,伊吹
IDS_PJSC013,球磨
IDS_PJSC013_FULL,球磨
IDS_PJSC014,北上
IDS_PJSC014_FULL,北上
IDS_PJSC015,天龙
IDS_PJSC015_FULL,天龙
IDS_PJSC018,利根
IDS_PJSC018_FULL,利根
IDS_PJSC021,鞍马
IDS_PJSC021_FULL,鞍马
IDS_PJSC026,岩城 A
IDS_PJSC026_FULL,岩城 A
IDS_PJSC034,藏王
IDS_PJSC034_FULL,藏王
IDS_PJSC035,筑摩
IDS_PJSC035_FULL,筑摩
IDS_PJSC037,桥立
IDS_PJSC037_FULL,桥立
IDS_PJSC038,爱宕
IDS_PJSC038_FULL,爱宕
IDS_PJSC205,阿贺野
IDS_PJSC205_FULL,阿贺野
IDS_PJSC206,五濑
IDS_PJSC206_FULL,五濑
IDS_PJSC207,雄物
IDS_PJSC207_FULL,雄物
IDS_PJSC208,四万十
IDS_PJSC208_FULL,四万十
IDS_PJSC209,高梁
IDS_PJSC209_FULL,高梁
IDS_PJSC210,淀
IDS_PJSC210_FULL,淀
IDS_PJSC503,香取
IDS_PJSC503_FULL,香取
IDS_PJSC505,矢矧
IDS_PJSC505_FULL,矢矧
IDS_PJSC507,十胜
IDS_PJSC507_FULL,十胜
IDS_PJSC510,吾妻
IDS_PJSC510_FULL,吾妻
IDS_PJSC517,摩耶
IDS_PJSC517_FULL,摩耶
IDS_PJSC519,AL 吾妻
IDS_PJSC519_FULL,AL 吾妻
IDS_PJSC520,吉野
IDS_PJSC520_FULL,吉野
IDS_PJSC590,吉野 B
IDS_PJSC590_FULL,吉野 B
IDS_PJSC598,爱宕 B
IDS_PJSC598_FULL,爱宕 B
IDS_PJSC610,北上
IDS_PJSC610_FULL,北上
IDS_PJSC705,ARP 妙高
IDS_PJSC705_FULL,ARP 妙高
IDS_PJSC707,ARP 足柄
IDS_PJSC707_FULL,ARP 足柄
IDS_PJSC708,ARP 高雄
IDS_PJSC708_FULL,ARP 高雄
IDS_PJSC709,ARP 羽黑
IDS_PJSC709_FULL,ARP 羽黑
IDS_PJSC710,枪
IDS_PJSC710_FULL,枪
IDS_PJSC717,南方神龙
IDS_PJSC717_FULL,南方神龙
IDS_PJSC718,ARP 摩耶
IDS_PJSC718_FULL,ARP 摩耶
IDS_PJSC719,筑摩 II
IDS_PJSC719_FULL,筑摩 II
IDS_PJSC720,钏路
IDS_PJSC720_FULL,钏路
IDS_PJSC727,东方神龙
IDS_PJSC727_FULL,东方神龙
IDS_PJSC729,筑摩 II G
IDS_PJSC729_FULL,筑摩 II G
IDS_PJSC737,ARP 那智
IDS_PJSC737_FULL,ARP 那智
IDS_PJSC739,铃谷
IDS_PJSC739_FULL,铃谷
IDS_PJSC749,铃谷 G
IDS_PJSC749_FULL,铃谷 G
IDS_PJSC759,铃谷 VL
IDS_PJSC759_FULL,铃谷 VL
IDS_PJSC799,ARP 高雄
IDS_PJSC799_FULL,ARP 高雄
IDS_PJSC810,藏王 P
IDS_PJSC810_FULL,藏王 P
IDS_PJSC819,BA 高梁
IDS_PJSC819_FULL,BA 高梁
IDS_PJSC829,吾妻 B
IDS_PJSC829_FULL,吾妻 B
IDS_PJSC837,桥立
IDS_PJSC838,桥立
IDS_PJSC890,藏王 CLR
IDS_PJSC890_FULL,藏王 CLR
IDS_PJSC905,沙漠猎鹰
IDS_PJSC905_FULL,沙漠猎鹰
IDS_PJSC918,利根 2
IDS_PJSC918_FULL,利根 2
IDS_PJSC919,利根 3
IDS_PJSC919_FULL,利根 3
IDS_PJSC934,[藏王]
IDS_PJSC934_FULL,[藏王]
IDS_PJSD001,橘
IDS_PJSD001_FULL,橘
IDS_PJSD002,海风
IDS_PJSD002_FULL,海风
IDS_PJSD003,矶风
IDS_PJSD003_FULL,矶风
IDS_PJSD004,峰风
IDS_PJSD004_FULL,峰风
IDS_PJSD005,睦月（旧）
IDS_PJSD005_FULL,睦月（2016-12-01 前）
IDS_PJSD006,初春（旧）
IDS_PJSD006_FULL,初春（2016-12-01 前）
IDS_PJSD007,吹雪（旧）
IDS_PJSD007_FULL,吹雪（2016-12-01 前）
IDS_PJSD010,阳炎（旧）
IDS_PJSD010_FULL,阳炎（2016-12-01 前）
IDS_PJSD012,岛风
IDS_PJSD012_FULL,岛风
IDS_PJSD014,橘 L
IDS_PJSD014_FULL,橘 L
IDS_PJSD017,风神
IDS_PJSD017_FULL,风神
IDS_PJSD024,若竹
IDS_PJSD024_FULL,若竹
IDS_PJSD025,神风
IDS_PJSD025_FULL,神风
IDS_PJSD026,神风 R
IDS_PJSD026_FULL,神风 R
IDS_PJSD105,睦月
IDS_PJSD105_FULL,睦月
IDS_PJSD106,吹雪
IDS_PJSD106_FULL,吹雪
IDS_PJSD107,晓
IDS_PJSD107_FULL,晓
IDS_PJSD108,秋月
IDS_PJSD108_FULL,秋月
IDS_PJSD111,山雾
IDS_PJSD111_FULL,山雾
IDS_PJSD206,初春
IDS_PJSD206_FULL,初春
IDS_PJSD207,白露
IDS_PJSD207_FULL,白露
IDS_PJSD208,阳炎
IDS_PJSD208_FULL,阳炎
IDS_PJSD209,夕云
IDS_PJSD209_FULL,夕云
IDS_PJSD210,春云
IDS_PJSD210_FULL,春云
IDS_PJSD219,北风
IDS_PJSD219_FULL,北风
IDS_PJSD503,不可用：矶风
IDS_PJSD503_FULL,不可用：矶风
IDS_PJSD504,不可用：峰风
IDS_PJSD504_FULL,不可用：峰风
IDS_PJSD507,夕立
IDS_PJSD507_FULL,夕立
IDS_PJSD510,疾风
IDS_PJSD510_FULL,疾风
IDS_PJSD518,朝潮
IDS_PJSD518_FULL,朝潮
IDS_PJSD528,HSF 晴风 II
IDS_PJSD528_FULL,HSF 晴风 II
IDS_PJSD596,东云 B
IDS_PJSD596_FULL,东云 B
IDS_PJSD598,朝潮 B
IDS_PJSD598_FULL,朝潮 B
IDS_PJSD706,东云
IDS_PJSD706_FULL,东云
IDS_PJSD708,HSF 晴风
IDS_PJSD708_FULL,HSF 晴风
IDS_PJSD710,冬月
IDS_PJSD710_FULL,冬月
IDS_PJSD718,AL 雪风
IDS_PJSD718_FULL,AL 雪风
IDS_PJSD719,峰云
IDS_PJSD719_FULL,峰云
IDS_PJSD728,时雨
IDS_PJSD728_FULL,时雨
IDS_PJSD803,矶风
IDS_PJSD889,星之北风
IDS_PJSD889_FULL,星之北风
IDS_PJSD890,AL 岛风
IDS_PJSD890_FULL,AL 岛风
IDS_PJSD891,山雾 +
IDS_PJSD891_FULL,山雾 +
IDS_PJSD912,[岛风]
IDS_PJSD912_FULL,[岛风]
IDS_PJSS508,伊-58
IDS_PJSS508_FULL,伊-58
IDS_PJSS518,伊-56
IDS_PJSS518_FULL,伊-56
IDS_PJSS528,伊-54
IDS_PJSS528_FULL,伊-54
IDS_PJSS720,伊-56 1944
IDS_PJSS720_FULL,伊-56 1944
IDS_PJSS820,BA 阿罗娜的小鲸鱼
IDS_PJSS820_FULL,BA 阿罗娜的小鲸鱼
IDS_PJSX701,ARP 伊-401
IDS_PJSX701_FULL,ARP 伊-402
IDS_PJSX702,ARP 伊-403
IDS_PJSX702_FULL,ARP 伊-404
IDS_PJSX799,707R
IDS_PRSA104,共青团员
IDS_PRSA104_FULL,共青团员
IDS_PRSA106,谢罗夫
IDS_PRSA106_FULL,谢罗夫
IDS_PRSA108,胜利
IDS_PRSA108_FULL,胜利
IDS_PRSA110,纳希莫夫
IDS_PRSA110_FULL,纳希莫夫将军
IDS_PRSA508,契卡洛夫
IDS_PRSA508_FULL,契卡洛夫
IDS_PRSA598,契卡洛夫 B
IDS_PRSA598_FULL,契卡洛夫 B
IDS_PRSA990,奥尔洛夫
IDS_PRSA990_FULL,奥尔洛夫将军
IDS_PRSB001,尼古拉一世
IDS_PRSB001_FULL,沙皇尼古拉一世
IDS_PRSB103,苏沃洛夫公爵
IDS_PRSB103_FULL,苏沃洛夫公爵
IDS_PRSB104,甘古特
IDS_PRSB104_FULL,甘古特
IDS_PRSB105,彼得大帝
IDS_PRSB105_FULL,彼得大帝
IDS_PRSB106,伊兹梅尔
IDS_PRSB106_FULL,伊兹梅尔
IDS_PRSB107,锡诺普
IDS_PRSB107_FULL,锡诺普
IDS_PRSB108,海参崴
IDS_PRSB108_FULL,海参崴
IDS_PRSB109,苏联
IDS_PRSB109_FULL,苏联
IDS_PRSB110,克里姆林
IDS_PRSB110_FULL,克里姆林
IDS_PRSB111,乌沙科夫
IDS_PRSB111_FULL,乌沙科夫将军
IDS_PRSB505,十月革命
IDS_PRSB505_FULL,十月革命
IDS_PRSB508,波尔塔瓦
IDS_PRSB508_FULL,波尔塔瓦
IDS_PRSB509,纳瓦林
IDS_PRSB509_FULL,纳瓦林
IDS_PRSB510,光荣
IDS_PRSB510_FULL,光荣
IDS_PRSB516,新罗西斯克
IDS_PRSB516_FULL,新罗西斯克
IDS_PRSB518,列宁
IDS_PRSB518_FULL,列宁
IDS_PRSB528,博罗季诺
IDS_PRSB528_FULL,博罗季诺
IDS_PRSB538,V·I·列宁
IDS_PRSB538_FULL,V·I·列宁
IDS_PRSB709,AL 苏维埃俄罗斯
IDS_PRSB709_FULL,AL 苏维埃俄罗斯
IDS_PRSB710,西伯利亚
IDS_PRSB710_FULL,西伯利亚
IDS_PRSB717,阿尔汉格尔斯克
IDS_PRSB717_FULL,阿尔汉格尔斯克
IDS_PRSB719,自由曙光
IDS_PRSB719_FULL,自由曙光
IDS_PRSB729,共和国
IDS_PRSB729_FULL,共和国
IDS_PRSB739,苏维埃俄罗斯
IDS_PRSB739_FULL,苏维埃俄罗斯
IDS_PRSB818,博罗季诺 TE
IDS_PRSB818_FULL,博罗季诺 TE
IDS_PRSB819,BA 气垫船
IDS_PRSB819_FULL,BA 气垫船
IDS_PRSB909,玛塔加
IDS_PRSB909_FULL,玛塔加
IDS_PRSC001,阿芙乐尔
IDS_PRSC001_FULL,阿芙乐尔
IDS_PRSC002,狄安娜
IDS_PRSC002_FULL,狄安娜
IDS_PRSC003,摩尔曼斯克
IDS_PRSC003_FULL,摩尔曼斯克
IDS_PRSC010,狄安娜 L
IDS_PRSC010_FULL,狄安娜 L
IDS_PRSC101,海雕
IDS_PRSC101_FULL,海雕
IDS_PRSC102,诺维克
IDS_PRSC102_FULL,诺维克
IDS_PRSC103,勇士
IDS_PRSC103_FULL,勇士
IDS_PRSC104,斯维特拉娜
IDS_PRSC104_FULL,斯维特拉娜
IDS_PRSC105,基洛夫（旧）
IDS_PRSC105_FULL,基洛夫（2020-06-10 前）
IDS_PRSC106,布琼尼
IDS_PRSC106_FULL,布琼尼
IDS_PRSC107,肖尔斯
IDS_PRSC107_FULL,肖尔斯
IDS_PRSC108,夏伯阳
IDS_PRSC108_FULL,夏伯阳
IDS_PRSC109,德米特里·顿斯科伊
IDS_PRSC109_FULL,德米特里·顿斯科伊
IDS_PRSC110,莫斯科
IDS_PRSC110_FULL,莫斯科
IDS_PRSC111,新西伯利亚
IDS_PRSC111_FULL,新西伯利亚
IDS_PRSC208,塔林
IDS_PRSC208_FULL,塔林
IDS_PRSC209,里加
IDS_PRSC209_FULL,里加
IDS_PRSC210,A·涅夫斯基
IDS_PRSC210_FULL,亚历山大·涅夫斯基
IDS_PRSC215,科托夫斯基
IDS_PRSC215_FULL,科托夫斯基
IDS_PRSC310,彼得罗巴甫洛夫斯克
IDS_PRSC310_FULL,彼得罗巴甫洛夫斯克
IDS_PRSC503,奥列格
IDS_PRSC503_FULL,奥列格
IDS_PRSC505,红色克里米亚
IDS_PRSC505_FULL,红色克里米亚
IDS_PRSC506,莫洛托夫
IDS_PRSC506_FULL,莫洛托夫
IDS_PRSC508,库图佐夫
IDS_PRSC508_FULL,米哈伊尔·库图佐夫
IDS_PRSC509,喀琅施塔得
IDS_PRSC509_FULL,喀琅施塔得
IDS_PRSC510,斯大林格勒
IDS_PRSC510_FULL,斯大林格勒
IDS_PRSC513,瓦良格
IDS_PRSC513_FULL,瓦良格
IDS_PRSC515,米高扬
IDS_PRSC515_FULL,米高扬
IDS_PRSC518,拉佐
IDS_PRSC518_FULL,拉佐
IDS_PRSC520,斯大林格勒 #2
IDS_PRSC520_FULL,斯大林格勒 #2
IDS_PRSC523,AL 阿芙乐尔
IDS_PRSC523_FULL,AL 阿芙乐尔
IDS_PRSC525,基洛夫
IDS_PRSC525_FULL,基洛夫
IDS_PRSC528,奥恰科夫
IDS_PRSC528_FULL,奥恰科夫
IDS_PRSC530,斯摩棱斯克 B
IDS_PRSC530_FULL,斯摩棱斯克 B
IDS_PRSC538,P·巴格拉季昂
IDS_PRSC538_FULL,彼得·巴格拉季昂
IDS_PRSC548,巴格拉季昂
IDS_PRSC548_FULL,巴格拉季昂
IDS_PRSC558,D·波扎尔斯基
IDS_PRSC558_FULL,德米特里·波扎尔斯基
IDS_PRSC568,拉佐 B
IDS_PRSC568_FULL,拉佐 B
IDS_PRSC606,马卡罗夫
IDS_PRSC606_FULL,马卡罗夫将军
IDS_PRSC610,斯摩棱斯克
IDS_PRSC610_FULL,斯摩棱斯克
IDS_PRSC709,维亚济马
IDS_PRSC709_FULL,维亚济马
IDS_PRSC710,塞瓦斯托波尔
IDS_PRSC710_FULL,塞瓦斯托波尔
IDS_PRSC719,库兹马·米宁
IDS_PRSC719_FULL,库兹马·米宁
IDS_PRSC810,委员
IDS_PRSC810_FULL,委员
IDS_PRSC818,赛博朋克
IDS_PRSC818_FULL,赛博朋克
IDS_PRSC910,[莫斯科]
IDS_PRSC910_FULL,[莫斯科]
IDS_PRSC920,歪比巴卜
IDS_PRSC920_FULL,歪比巴卜
IDS_PRSC980,V·莫诺马赫
IDS_PRSC980_FULL,弗拉基米尔·莫诺马赫
IDS_PRSC990,彼得罗扎沃茨克
IDS_PRSC990_FULL,彼得罗扎沃茨克
IDS_PRSC999,测试战舰
IDS_PRSC999_FULL,测试战舰
IDS_PRSD001,轰鸣
IDS_PRSD001_FULL,轰鸣
IDS_PRSD102,守卫
IDS_PRSD102_FULL,守卫
IDS_PRSD103,无理
IDS_PRSD103_FULL,无理
IDS_PRSD104,伊贾斯拉夫
IDS_PRSD104_FULL,伊贾斯拉夫
IDS_PRSD105,愤怒（旧）
IDS_PRSD105_FULL,愤怒（2017-03-06 前）
IDS_PRSD106,火力（旧）
IDS_PRSD106_FULL,火力（2017-03-06 前）
IDS_PRSD107,无畏
IDS_PRSD107_FULL,无畏
IDS_PRSD108,塔什干（旧）
IDS_PRSD108_FULL,塔什干（2017-03-06 前）
IDS_PRSD109,基辅（旧）
IDS_PRSD109_FULL,基辅（2017-03-06 前）
IDS_PRSD110,伯力
IDS_PRSD110_FULL,伯力
IDS_PRSD111,敏锐
IDS_PRSD111_FULL,敏锐
IDS_PRSD205,波德沃伊斯基
IDS_PRSD205_FULL,波德沃伊斯基
IDS_PRSD206,愤怒
IDS_PRSD206_FULL,愤怒
IDS_PRSD207,明斯克
IDS_PRSD207_FULL,明斯克
IDS_PRSD208,火力
IDS_PRSD208_FULL,火力
IDS_PRSD209,谨慎
IDS_PRSD209_FULL,谨慎
IDS_PRSD210,雷暴
IDS_PRSD210_FULL,雷暴
IDS_PRSD308,基辅
IDS_PRSD308_FULL,基辅
IDS_PRSD310,纳霍德卡
IDS_PRSD310_FULL,纳霍德卡
IDS_PRSD409,塔什干
IDS_PRSD409_FULL,塔什干
IDS_PRSD410,干练
IDS_PRSD410_FULL,干练
IDS_PRSD505,猎人
IDS_PRSD505_FULL,猎人
IDS_PRSD507,列宁格勒
IDS_PRSD507_FULL,列宁格勒
IDS_PRSD517,塔什干 1939
IDS_PRSD517_FULL,塔什干 1939
IDS_PRSD709,不惧
IDS_PRSD709_FULL,不惧
IDS_PRSD710,先进
IDS_PRSD710_FULL,先进
IDS_PRSD718,伶俐
IDS_PRSD718_FULL,伶俐
IDS_PRSD810,DD R-10
IDS_PRSD810_FULL,DD R-10
IDS_PRSD909,不惧 B
IDS_PRSD909_FULL,不惧 B
IDS_PRSD910,[雷暴]
IDS_PRSD910_FULL,[雷暴]
IDS_PRSD919,AL 塔什干
IDS_PRSD919_FULL,AL 塔什干
IDS_PRSS106,S-1
IDS_PRSS106_FULL,S-1
IDS_PRSS108,L-20
IDS_PRSS108_FULL,L-20
IDS_PRSS110,K-1
IDS_PRSS110_FULL,K-1
IDS_PRSS508,S-189
IDS_PRSS508_FULL,S-189
IDS_PRSS999,测试潜艇 1
IDS_PRSS999_FULL,测试潜艇 1
IDS_PRSX799,B-4
IDS_PSSB709,胜利
IDS_PSSB709_FULL,胜利
IDS_PSSB719,维多利亚
IDS_PSSB719_FULL,维多利亚
IDS_PSSC101,朱庇特
IDS_PSSC101_FULL,朱庇特
IDS_PSSC102,门德斯·努涅斯
IDS_PSSC102_FULL,门德斯·努涅斯
IDS_PSSC103,纳瓦拉
IDS_PSSC103_FULL,纳瓦拉
IDS_PSSC104,塞韦拉将军
IDS_PSSC104_FULL,塞韦拉将军
IDS_PSSC105,加利西亚
IDS_PSSC105_FULL,加利西亚
IDS_PSSC106,巴利阿里
IDS_PSSC106_FULL,巴利阿里
IDS_PSSC107,阿斯图里亚斯
IDS_PSSC107_FULL,阿斯图里亚斯
IDS_PSSC108,加泰罗尼亚
IDS_PSSC108_FULL,加泰罗尼亚
IDS_PSSC109,安达卢西亚
IDS_PSSC109_FULL,安达卢西亚
IDS_PSSC110,卡斯蒂利亚
IDS_PSSC110_FULL,卡斯蒂利亚
IDS_PSSC506,加那利
IDS_PSSC506_FULL,加那利
IDS_PSSC508,努曼西亚
IDS_PSSC508_FULL,努曼西亚
IDS_PSSC719,奥肯多将军
IDS_PSSC719_FULL,奥肯多将军
IDS_PSSD510,阿尔瓦罗·德·巴赞
IDS_PSSD510_FULL,阿尔瓦罗·德·巴赞
IDS_PUSB507,育空
IDS_PUSB507_FULL,育空
IDS_PUSB710,无阻
IDS_PUSB710_FULL,无阻
IDS_PUSC001,萨特莱杰河
IDS_PUSC001_FULL,萨特莱杰河
IDS_PUSC010,刻耳柏洛斯
IDS_PUSC010_FULL,刻耳柏洛斯
IDS_PUSC012,杰克逊港
IDS_PUSC012_FULL,杰克逊港
IDS_PUSC013,卡拉多克
IDS_PUSC013_FULL,卡拉多克
IDS_PUSC014,达尼丁
IDS_PUSC014_FULL,达尼丁
IDS_PUSC015,德里
IDS_PUSC015_FULL,德里
IDS_PUSC016,霍巴特
IDS_PUSC016_FULL,霍巴特
IDS_PUSC017,乌干达
IDS_PUSC017_FULL,乌干达
IDS_PUSC018,奥克兰
IDS_PUSC018_FULL,奥克兰
IDS_PUSC019,遭遇
IDS_PUSC019_FULL,遭遇
IDS_PUSC025,红堡
IDS_PUSC025_FULL,红堡
IDS_PUSC506,珀斯
IDS_PUSC506_FULL,珀斯
IDS_PUSC509,赫克托
IDS_PUSC509_FULL,赫克托
IDS_PUSC510,布里斯班
IDS_PUSC510_FULL,布里斯班
IDS_PUSC516,迈索尔
IDS_PUSC516_FULL,迈索尔
IDS_PUSC710,先驱
IDS_PUSC710_FULL,先驱
IDS_PUSC717,冈比亚
IDS_PUSC717_FULL,冈比亚
IDS_PUSC810,布里斯班 B
IDS_PUSC810_FULL,布里斯班 B
IDS_PUSC997,冈比亚河
IDS_PUSC997_FULL,冈比亚河
IDS_PUSD503,吸血鬼
IDS_PUSD503_FULL,吸血鬼
IDS_PUSD507,海达人
IDS_PUSD507_FULL,海达人
IDS_PUSD510,吸血鬼 II
IDS_PUSD510_FULL,吸血鬼 II
IDS_PUSD517,休伦人
IDS_PUSD517_FULL,休伦人
IDS_PUSD709,卡尤加
IDS_PUSD709_FULL,卡尤加
IDS_PVSA710,独立
IDS_PVSA710_FULL,独立
IDS_PVSB010,自由
IDS_PVSB010_FULL,自由
IDS_PVSB018,伊皮兰加
IDS_PVSB018_FULL,伊皮兰加
IDS_PVSB019,安第斯
IDS_PVSB019_FULL,安第斯
IDS_PVSB505,里约热内卢
IDS_PVSB505_FULL,里约热内卢
IDS_PVSB508,大西洋
IDS_PVSB508_FULL,大西洋
IDS_PVSB710,九月七日
IDS_PVSB710_FULL,九月七日
IDS_PVSB719,瓦尔帕莱索
IDS_PVSB719_FULL,瓦尔帕莱索
IDS_PVSB720,佩雷斯·加西图阿
IDS_PVSB720_FULL,佩雷斯·加西图阿将军
IDS_PVSB990,科莫多鲁
IDS_PVSB990_FULL,科莫多鲁
IDS_PVSB999,科迪勒拉
IDS_PVSB999_FULL,科迪勒拉
IDS_PVSC101,赫丘利
IDS_PVSC101_FULL,赫丘利
IDS_PVSC102,巴罗索将军
IDS_PVSC102_FULL,巴罗索将军
IDS_PVSC103,V·格雷罗
IDS_PVSC103_FULL,比森特·格雷罗
IDS_PVSC104,科尔多瓦
IDS_PVSC104_FULL,科尔多瓦
IDS_PVSC105,阿根廷
IDS_PVSC105_FULL,阿根廷
IDS_PVSC106,科克伦将军
IDS_PVSC106_FULL,科克伦将军
IDS_PVSC107,博洛涅西上校
IDS_PVSC107_FULL,博洛涅西上校
IDS_PVSC108,I·阿连德
IDS_PVSC108_FULL,伊格纳西奥·阿连德
IDS_PVSC109,桑坦德
IDS_PVSC109_FULL,桑坦德
IDS_PVSC110,圣马丁
IDS_PVSC110_FULL,圣马丁
IDS_PVSC502,阿布雷乌将军
IDS_PVSC502_FULL,阿布雷乌将军
IDS_PVSC507,七月九日
IDS_PVSC507_FULL,七月九日
IDS_PVSC508,格劳将军
IDS_PVSC508_FULL,格劳将军
IDS_PVSC708,阿吉雷长官
IDS_PVSC708_FULL,阿吉雷长官
IDS_PVSC710,伊里萨尔将军
IDS_PVSC710_FULL,伊里萨尔将军
IDS_PVSD010,七月二十日
IDS_PVSD010_FULL,七月二十日
IDS_PVSD013,比利亚尔将军
IDS_PVSD013_FULL,比利亚尔将军
IDS_PVSD014,塞拉诺
IDS_PVSD014_FULL,塞拉诺
IDS_PVSD015,安蒂奥基亚
IDS_PVSD015_FULL,安蒂奥基亚
IDS_PVSD016,塞万提斯
IDS_PVSD016_FULL,塞万提斯
IDS_PVSD017,马西利奥·迪亚斯
IDS_PVSD017_FULL,马西利奥·迪亚斯
IDS_PVSD018,夸乌特莫克
IDS_PVSD018_FULL,夸乌特莫克
IDS_PVSD019,新埃斯帕塔
IDS_PVSD019_FULL,新埃斯帕塔
IDS_PVSD506,茹鲁阿
IDS_PVSD506_FULL,茹鲁阿
IDS_PVSD710,拉潘帕
IDS_PVSD710_FULL,拉潘帕
IDS_PWSB010,托尔
IDS_PWSB010_FULL,托尔
IDS_PWSB014,冷酷者
IDS_PWSB014_FULL,冷酷者苏丹塞利姆
IDS_PWSB015,特格特霍夫
IDS_PWSB015_FULL,特格特霍夫
IDS_PWSB016,劳东
IDS_PWSB016_FULL,劳东
IDS_PWSB017,希俄斯
IDS_PWSB017_FULL,希俄斯
IDS_PWSB018,众志
IDS_PWSB018_FULL,众志
IDS_PWSB019,古斯塔夫大帝
IDS_PWSB019_FULL,古斯塔夫大帝
IDS_PWSB504,联合力量
IDS_PWSB504_FULL,联合力量
IDS_PWSB509,卡尔十四世·约翰
IDS_PWSB509_FULL,卡尔十四世·约翰
IDS_PWSB707,卢格杜努姆
IDS_PWSB707_FULL,卢格杜努姆
IDS_PWSB718,图尔古特·雷斯
IDS_PWSB718_FULL,图尔古特·雷斯
IDS_PWSB719,尼奥尔德
IDS_PWSB719_FULL,尼奥尔德
IDS_PWSB909,卡尔十四世·约翰 B
IDS_PWSB909_FULL,卡尔十四世·约翰 B
IDS_PWSC101,狮鹫
IDS_PWSC101_FULL,狮鹫
IDS_PWSC506,埃利
IDS_PWSC506_FULL,埃利
IDS_PWSC710,斯维亚
IDS_PWSC710_FULL,斯维亚
IDS_PWSC718,卡罗尔一世国王
IDS_PWSC718_FULL,卡罗尔一世国王
IDS_PWSD102,塔特拉
IDS_PWSD102_FULL,塔特拉
IDS_PWSD103,罗慕路斯
IDS_PWSD103_FULL,罗慕路斯
IDS_PWSD104,克拉斯·霍恩
IDS_PWSD104_FULL,克拉斯·霍恩
IDS_PWSD105,维斯比
IDS_PWSD105_FULL,维斯比
IDS_PWSD106,韦斯特罗斯
IDS_PWSD106_FULL,韦斯特罗斯
IDS_PWSD107,斯科讷
IDS_PWSD107_FULL,斯科讷
IDS_PWSD108,厄兰
IDS_PWSD108_FULL,厄兰
IDS_PWSD109,东约特兰
IDS_PWSD109_FULL,东约特兰
IDS_PWSD110,哈兰
IDS_PWSD110_FULL,哈兰
IDS_PWSD111,达拉纳
IDS_PWSD111_FULL,达拉纳
IDS_PWSD205,支援
IDS_PWSD205_FULL,支援
IDS_PWSD206,斯图尔
IDS_PWSD206_FULL,斯图尔
IDS_PWSD207,雷霆
IDS_PWSD207_FULL,雷霆
IDS_PWSD208,斯普利特
IDS_PWSD208_FULL,斯普利特
IDS_PWSD209,L·卡措尼斯
IDS_PWSD209_FULL,兰布罗斯·卡措尼斯
IDS_PWSD210,格但斯克
IDS_PWSD210_FULL,格但斯克
IDS_PWSD501,闪电
IDS_PWSD501_FULL,闪电
IDS_PWSD508,风暴
IDS_PWSD508_FULL,风暴
IDS_PWSD509,箭
IDS_PWSD509_FULL,箭
IDS_PWSD510,弗里斯兰
IDS_PWSD510_FULL,弗里斯兰
IDS_PWSD519,猎兵
IDS_PWSD519_FULL,猎兵
IDS_PWSD610,斯莫兰
IDS_PWSD610_FULL,斯莫兰
IDS_PWSD705,卡尔马
IDS_PWSD705_FULL,卡尔马
IDS_PWSD708,闪电 1944
IDS_PWSD708_FULL,闪电 1944
IDS_PWSD710,朗纳尔
IDS_PWSD710_FULL,朗纳尔
IDS_PWSD717,斯图尔 1943
IDS_PWSD717_FULL,斯图尔 1943
IDS_PWSD719,闪电 1952
IDS_PWSD719_FULL,闪电 1952
IDS_PWSD907,猩红风暴
IDS_PWSD907_FULL,猩红风暴
IDS_PWSD910,拉普兰
IDS_PWSD910_FULL,拉普兰
IDS_PWSD920,惊雷卷地
IDS_PWSD920_FULL,惊雷卷地
IDS_PWSD990,南曼兰
IDS_PWSD990_FULL,南曼兰
IDS_PXSA001,德国空军
IDS_PXSA002,航空部队
IDS_PXSA002_FULL,航空母舰
IDS_PXSA003,诺比利
IDS_PXSA003_FULL,诺比利
IDS_PXSA004,巨大戈尔贡
IDS_PXSA004_FULL,巨大戈尔贡
IDS_PXSA005,地狱航母
IDS_PXSA005_FULL,外太空港地狱航母
IDS_PXSA008,进取号-D
IDS_PXSA008_FULL,进取号-D
IDS_PXSA010,遗产
IDS_PXSA010_FULL,遗产
IDS_PXSA807,游骑兵
IDS_PXSA807_FULL,游骑兵
IDS_PXSB001,豺狼
IDS_PXSB001_FULL,豺狼
IDS_PXSB002,拉斯普京
IDS_PXSB002_FULL,拉斯普京
IDS_PXSB003,范海辛
IDS_PXSB003_FULL,范海辛
IDS_PXSB004,马格努-S
IDS_PXSB004_FULL,马格努-S
IDS_PXSB005,瓦尔加斯
IDS_PXSB005_FULL,瓦尔加斯
IDS_PXSB006,自由卫士
IDS_PXSB006_FULL,自由卫士
IDS_PXSB007,万象陨灭
IDS_PXSB007_FULL,万象陨灭
IDS_PXSB008,利维坦
IDS_PXSB008_FULL,利维坦
IDS_PXSB009,仿生蝎
IDS_PXSB009_FULL,仿生蝎
IDS_PXSB010,独行者
IDS_PXSB010_FULL,独行者
IDS_PXSB011,恐鳄
IDS_PXSB011_FULL,恐鳄
IDS_PXSB015,龙虾眼
IDS_PXSB015_FULL,龙虾眼
IDS_PXSB016,博格同化者-1
IDS_PXSB016_FULL,博格同化者-1
IDS_PXSB017,博格干扰者-1
IDS_PXSB017_FULL,博格干扰者-1
IDS_PXSB027,特帕
IDS_PXSB027_FULL,特帕
IDS_PXSB030,歼灭者
IDS_PXSB030_FULL,歼灭者
IDS_PXSB053,女武神
IDS_PXSB053_FULL,女武神
IDS_PXSB054,新生
IDS_PXSB054_FULL,新生
IDS_PXSB055,未来主义 M
IDS_PXSB055_FULL,未来主义 M
IDS_PXSB056,未来主义
IDS_PXSB056_FULL,未来主义
IDS_PXSB101,复仇者
IDS_PXSB101_FULL,复仇者
IDS_PXSB103,赫拉克勒斯
IDS_PXSB103_FULL,赫拉克勒斯
IDS_PXSB504,嘎嘎鸭
IDS_PXSB504_FULL,嘎嘎鸭
IDS_PXSB506,机·器·鸭
IDS_PXSB506_FULL,机·器·鸭
IDS_PXSC001,伊戈尔
IDS_PXSC001_FULL,伊戈尔
IDS_PXSC002,圣甲虫
IDS_PXSC002_FULL,圣甲虫
IDS_PXSC003,苏亚托扎
IDS_PXSC003_FULL,苏亚托扎
IDS_PXSC004,银河
IDS_PXSC004_FULL,银河
IDS_PXSC005,扎雅
IDS_PXSC005_FULL,扎雅
IDS_PXSC006,诺玛
IDS_PXSC006_FULL,诺玛
IDS_PXSC007,极光
IDS_PXSC007_FULL,极光
IDS_PXSC009,八爪鱼
IDS_PXSC009_FULL,八爪鱼
IDS_PXSC010,世纪之鹰
IDS_PXSC010_FULL,世纪之鹰
IDS_PXSC011,仿生章鱼
IDS_PXSC011_FULL,仿生章鱼
IDS_PXSC012,锈夜
IDS_PXSC012_FULL,锈夜
IDS_PXSC013,化石
IDS_PXSC013_FULL,化石
IDS_PXSC016,桑里奇
IDS_PXSC016_FULL,桑里奇
IDS_PXSC027,猛禽舰
IDS_PXSC027_FULL,猛禽舰
IDS_PXSC050,时序航母
IDS_PXSC050_FULL,时序航母
IDS_PXSC051,幽灵
IDS_PXSC051_FULL,幽灵
IDS_PXSC052,秃鹰 M
IDS_PXSC052_FULL,秃鹰 M
IDS_PXSC057,秃鹰
IDS_PXSC057_FULL,秃鹰
IDS_PXSC101,女武神
IDS_PXSC101_FULL,女武神
IDS_PXSC102,狂风
IDS_PXSC102_FULL,狂风
IDS_PXSC121,博格同化者-2
IDS_PXSC121_FULL,博格同化者-2
IDS_PXSC122,博格干扰者-2
IDS_PXSC122_FULL,博格干扰者-2
IDS_PXSC123,无畏
IDS_PXSC123_FULL,无畏
IDS_PXSC501,L·麦可嘎嘎
IDS_PXSC501_FULL,路易吉·麦可嘎嘎
IDS_PXSC502,风吕
IDS_PXSC502_FULL,风吕
IDS_PXSC503,战舰
IDS_PXSD001,布莱德
IDS_PXSD001_FULL,布莱德
IDS_PXSD002,食尸鬼
IDS_PXSD002_FULL,食尸鬼
IDS_PXSD003,浦岛
IDS_PXSD003_FULL,浦岛
IDS_PXSD004,翔空烈焰
IDS_PXSD004_FULL,翔空烈焰
IDS_PXSD005,翠蓝行星
IDS_PXSD005_FULL,翠蓝行星
IDS_PXSD007,摩托艇
IDS_PXSD008,铁鼠
IDS_PXSD008_FULL,铁鼠
IDS_PXSD009,剃刀蠕虫
IDS_PXSD009_FULL,剃刀蠕虫
IDS_PXSD010,天体
IDS_PXSD010_FULL,天体
IDS_PXSD011,彗星轨迹
IDS_PXSD011_FULL,彗星轨迹
IDS_PXSD012,漫游者
IDS_PXSD012_FULL,漫游者
IDS_PXSD013,梅塞尔
IDS_PXSD013_FULL,梅塞尔
IDS_PXSD014,情欲
IDS_PXSD014_FULL,情欲
IDS_PXSD015,原子之怒
IDS_PXSD015_FULL,原子之怒
IDS_PXSD016,海上恶魔
IDS_PXSD016_FULL,海上恶魔
IDS_PXSD017,手术刀
IDS_PXSD017_FULL,手术刀
IDS_PXSD018,水汐
IDS_PXSD018_FULL,水汐
IDS_PXSD019,鬼魅
IDS_PXSD019_FULL,鬼魅
IDS_PXSD020,海镰
IDS_PXSD020_FULL,海镰
IDS_PXSD021,轰鸣
IDS_PXSD021_FULL,轰鸣
IDS_PXSD022,鮟鱇鱼
IDS_PXSD022_FULL,鮟鱇鱼
IDS_PXSD023,精钢手术刀
IDS_PXSD023_FULL,精钢手术刀
IDS_PXSD024,变异托夫斯克
IDS_PXSD024_FULL,变异托夫斯克
IDS_PXSD025,牙刃
IDS_PXSD025_FULL,牙刃
IDS_PXSD027,戴德克斯
IDS_PXSD027_FULL,戴德克斯
IDS_PXSD031,博格同化者-3
IDS_PXSD031_FULL,博格同化者-3
IDS_PXSD032,博格干扰者-3
IDS_PXSD032_FULL,博格干扰者-3
IDS_PXSD041,吕特斯
IDS_PXSD041_FULL,吕特斯
IDS_PXSD042,钢铁
IDS_PXSD042_FULL,钢铁
IDS_PXSD043,北风 M
IDS_PXSD043_FULL,北风 M
IDS_PXSD056,北风
IDS_PXSD056_FULL,北风
IDS_PXSD102,旋风
IDS_PXSD102_FULL,旋风
IDS_PXSD103,赫克托
IDS_PXSD103_FULL,赫克托
IDS_PXSD502,唐·德拉·达克
IDS_PXSD502_FULL,唐·德拉·达克
IDS_PXSD503,拳击鸭
IDS_PXSD503_FULL,拳击鸭
IDS_PXSS107,拉链
IDS_PXSS107_FULL,拉链
IDS_PXSS207,海狮
IDS_PXSS207_FULL,海狮
IDS_PXSS307,矛隼
IDS_PXSS307_FULL,矛隼
IDS_PXSS407,梭鱼
IDS_PXSS407_FULL,梭鱼
IDS_PXSS507,虎鲸
IDS_PXSS507_FULL,虎鲸
IDS_PXSX001,特兰西瓦尼亚
IDS_PXSX001_FULL,特兰西瓦尼亚
IDS_PXSX013,挑战
IDS_PXSX016,歌利亚
IDS_PXSX017,卡博特
IDS_PXSX023,洛里纳
IDS_PXSX024,野樱莓
IDS_PXSX025,梅德韦皇后
IDS_PXSX026,坎特伯雷
IDS_PXSX033,布雷舰
IDS_PXSX034,约翰·卡特林
IDS_PXSX035,登陆舰 1
IDS_PXSX037,大发
IDS_PXSX039,LST 325
IDS_PXSX040,护卫 8
IDS_PXSX043,梅德韦皇后
IDS_PXSX044,锡马龙
IDS_PXSX045,自由轮
IDS_PXSX047,戈洛
IDS_PXSX501,自由轮
IDS_PXSX502,自由轮
IDS_PXSX743,英塔尼亚女皇
IDS_PXSX815,博格
IDS_PZSA508,三藏
IDS_PZSA508_FULL,三藏
IDS_PZSB509,八戒
IDS_PZSB509_FULL,八戒
IDS_PZSB519,悟净
IDS_PZSB519_FULL,悟净
IDS_PZSB529,载之
IDS_PZSB529_FULL,载之
IDS_PZSB539,楼船
IDS_PZSB539_FULL,楼船
IDS_PZSB707,腾蛇
IDS_PZSB707_FULL,腾蛇
IDS_PZSB708,玄武
IDS_PZSB708_FULL,玄武
IDS_PZSB709,太行
IDS_PZSB709_FULL,太行
IDS_PZSB719,沂蒙
IDS_PZSB719_FULL,沂蒙
IDS_PZSB909,玄冥
IDS_PZSB909_FULL,玄冥
IDS_PZSC101,成安
IDS_PZSC101_FULL,成安
IDS_PZSC105,重庆
IDS_PZSC105_FULL,重庆
IDS_PZSC106,拉赫马特
IDS_PZSC106_FULL,拉赫马特
IDS_PZSC107,春蓬
IDS_PZSC107_FULL,春蓬
IDS_PZSC108,哈尔滨
IDS_PZSC108_FULL,哈尔滨
IDS_PZSC109,世宗
IDS_PZSC109_FULL,世宗
IDS_PZSC110,济南
IDS_PZSC110_FULL,济南
IDS_PZSC503,宁海
IDS_PZSC503_FULL,宁海
IDS_PZSC506,黄河
IDS_PZSC506_FULL,黄河
IDS_PZSC508,伊里安
IDS_PZSC508_FULL,伊里安
IDS_PZSC509,大连
IDS_PZSC509_FULL,大连
IDS_PZSC518,悟空
IDS_PZSC518_FULL,悟空
IDS_PZSC529,蒙冲
IDS_PZSC529_FULL,蒙冲
IDS_PZSC710,仁川
IDS_PZSC710_FULL,仁川
IDS_PZSC717,兰州
IDS_PZSC717_FULL,兰州
IDS_PZSC718,那莱
IDS_PZSC718_FULL,那莱
IDS_PZSC719,天津
IDS_PZSC719_FULL,天津
IDS_PZSC720,诸葛亮
IDS_PZSC720_FULL,诸葛亮
IDS_PZSC729,包头
IDS_PZSC729_FULL,包头
IDS_PZSC730,太宗
IDS_PZSC730_FULL,太宗
IDS_PZSC908,水表船-皮纳塔人
IDS_PZSC908_FULL,水表船-皮纳塔人
IDS_PZSC918,AL 哈尔滨
IDS_PZSC918_FULL,AL 哈尔滨
IDS_PZSD102,龙江
IDS_PZSD102_FULL,龙江
IDS_PZSD103,帕禳
IDS_PZSD103_FULL,帕禳
IDS_PZSD104,沈阳
IDS_PZSD104_FULL,沈阳
IDS_PZSD105,建威
IDS_PZSD105_FULL,建威
IDS_PZSD106,抚顺
IDS_PZSD106_FULL,抚顺
IDS_PZSD107,加札马达
IDS_PZSD107_FULL,加札马达
IDS_PZSD108,咸阳
IDS_PZSD108_FULL,咸阳
IDS_PZSD109,忠武
IDS_PZSD109_FULL,忠武
IDS_PZSD110,岳阳
IDS_PZSD110_FULL,岳阳
IDS_PZSD111,昆明
IDS_PZSD111_FULL,昆明
IDS_PZSD208,西利旺义
IDS_PZSD208_FULL,西利旺义
IDS_PZSD506,鞍山
IDS_PZSD506_FULL,鞍山
IDS_PZSD508,洛阳
IDS_PZSD508_FULL,洛阳
IDS_PZSD510,旅顺
IDS_PZSD510_FULL,旅顺
IDS_PZSD518,汾阳
IDS_PZSD518_FULL,汾阳
IDS_PZSD598,洛阳 B
IDS_PZSD598_FULL,洛阳 B
IDS_PZSD708,朱雀
IDS_PZSD708_FULL,朱雀
IDS_PZSD718,冲撞跳跳
IDS_PZSD718_FULL,冲撞跳跳
IDS_PZSD719,南宁
IDS_PZSD719_FULL,南宁
IDS_PZSD728,大同
IDS_PZSD728_FULL,大同
IDS_PZSD910,旅顺 B
IDS_PZSD910_FULL,旅顺 B
IDS_PZSS716,新中国 14
IDS_PZSS716_FULL,新中国 14
